Temperature (C),"	Year", Month, Country
-5.77502,1960,1,USA
-4.091741,1960,2,USA
-2.3360658,1960,3,USA
5.713466,1960,4,USA
12.037165,1960,5,USA
16.829842,1960,6,USA
19.69583,1960,7,USA
18.556551,1960,8,USA
14.717575,1960,9,USA
8.262327,1960,10,USA
0.6782547,1960,11,USA
-3.6470096,1960,12,USA
-4.928153,1961,1,USA
-3.217799,1961,2,USA
-0.23071603,1961,3,USA
4.4564075,1961,4,USA
11.6875515,1961,5,USA
17.205898,1961,6,USA
19.266659,1961,7,USA
18.830431,1961,8,USA
14.058319,1961,9,USA
7.4235153,1961,10,USA
-0.17605777,1961,11,USA
-6.46963,1961,12,USA
-6.705594,1962,1,USA
-2.486127,1962,2,USA
-1.4100692,1962,3,USA
6.136188,1962,4,USA
12.308137,1962,5,USA
16.59056,1962,6,USA
19.203053,1962,7,USA
18.890865,1962,8,USA
13.859988,1962,9,USA
9.058116,1962,10,USA
1.4188771,1962,11,USA
-3.9401345,1962,12,USA
-6.68153,1963,1,USA
-3.357018,1963,2,USA
0.69749796,1963,3,USA
6.0721927,1963,4,USA
12.484419,1963,5,USA
16.602217,1963,6,USA
19.52386,1963,7,USA
18.497742,1963,8,USA
15.289991,1963,9,USA
9.890135,1963,10,USA
0.18635069,1963,11,USA
-5.013568,1963,12,USA
-5.3944063,1964,1,USA
-5.049329,1964,2,USA
-2.2243085,1964,3,USA
5.249634,1964,4,USA
11.628214,1964,5,USA
16.67567,1964,6,USA
19.947803,1964,7,USA
17.984356,1964,8,USA
14.023352,1964,9,USA
8.065989,1964,10,USA
0.8216232,1964,11,USA
-6.4289055,1964,12,USA
-5.7527666,1965,1,USA
-5.9054923,1965,2,USA
-0.74778277,1965,3,USA
6.384235,1965,4,USA
11.527136,1965,5,USA
15.834134,1965,6,USA
18.899227,1965,7,USA
17.950325,1965,8,USA
13.572111,1965,9,USA
7.2959723,1965,10,USA
2.1881204,1965,11,USA
-3.6566925,1965,12,USA
-8.033116,1966,1,USA
-5.038995,1966,2,USA
-0.8081977,1966,3,USA
4.96609,1966,4,USA
11.254882,1966,5,USA
16.75773,1966,6,USA
20.081142,1966,7,USA
17.971542,1966,8,USA
14.55838,1966,9,USA
7.2570786,1966,10,USA
1.2802889,1966,11,USA
-4.8681855,1966,12,USA
-4.662368,1967,1,USA
-4.4662733,1967,2,USA
1.3448942,1967,3,USA
6.2956266,1967,4,USA
10.896175,1967,5,USA
16.714422,1967,6,USA
19.12085,1967,7,USA
18.410496,1967,8,USA
14.260557,1967,9,USA
7.6719284,1967,10,USA
0.9616355,1967,11,USA
-4.155411,1967,12,USA
-6.125,1968,1,USA
-4.7871847,1968,2,USA
1.3493694,1968,3,USA
5.4324045,1968,4,USA
11.181957,1968,5,USA
16.743917,1968,6,USA
19.712328,1968,7,USA
18.389645,1968,8,USA
13.910782,1968,9,USA
7.9467454,1968,10,USA
0.38866967,1968,11,USA
-6.3805127,1968,12,USA
-6.940236,1969,1,USA
-4.612266,1969,2,USA
-1.7619,1969,3,USA
7.128946,1969,4,USA
12.839747,1969,5,USA
16.562206,1969,6,USA
19.555208,1969,7,USA
18.466946,1969,8,USA
15.005513,1969,9,USA
7.5507727,1969,10,USA
-0.021826688,1969,11,USA
-2.6088486,1969,12,USA
-7.977014,1970,1,USA
-2.3141172,1970,2,USA
-0.39562652,1970,3,USA
5.1718473,1970,4,USA
12.383848,1970,5,USA
16.917717,1970,6,USA
19.641823,1970,7,USA
18.998901,1970,8,USA
13.783319,1970,9,USA
6.3546786,1970,10,USA
1.0233116,1970,11,USA
-4.3983727,1970,12,USA
-8.078356,1971,1,USA
-4.9137506,1971,2,USA
-1.9980065,1971,3,USA
4.9806347,1971,4,USA
10.789381,1971,5,USA
17.41253,1971,6,USA
19.112835,1971,7,USA
18.551079,1971,8,USA
14.228479,1971,9,USA
8.247925,1971,10,USA
0.19133441,1971,11,USA
-3.7137916,1971,12,USA
-6.7893205,1972,1,USA
-5.0990644,1972,2,USA
-0.77717656,1972,3,USA
4.5877748,1972,4,USA
11.947905,1972,5,USA
16.578133,1972,6,USA
19.38629,1972,7,USA
18.866497,1972,8,USA
14.013629,1972,9,USA
7.540867,1972,10,USA
-0.19412124,1972,11,USA
-5.140582,1972,12,USA
-6.8796377,1973,1,USA
-3.883564,1973,2,USA
0.90974367,1973,3,USA
5.235781,1973,4,USA
11.592413,1973,5,USA
16.981062,1973,6,USA
19.3428,1973,7,USA
18.711615,1973,8,USA
14.42441,1973,9,USA
8.600753,1973,10,USA
0.5486778,1973,11,USA
-3.512795,1973,12,USA
-5.895525,1974,1,USA
-5.2852926,1974,2,USA
0.70825875,1974,3,USA
6.1326685,1974,4,USA
12.045973,1974,5,USA
16.659683,1974,6,USA
19.798922,1974,7,USA
18.3226,1974,8,USA
13.977359,1974,9,USA
7.3034987,1974,10,USA
0.33262816,1974,11,USA
-4.8896666,1974,12,USA
-5.917901,1975,1,USA
-4.8316317,1975,2,USA
-1.0316314,1975,3,USA
3.7319977,1975,4,USA
12.059703,1975,5,USA
16.30476,1975,6,USA
19.74046,1975,7,USA
18.396542,1975,8,USA
13.425244,1975,9,USA
7.801688,1975,10,USA
-0.3781123,1975,11,USA
-4.792738,1975,12,USA
-6.2299633,1976,1,USA
-3.1883442,1976,2,USA
0.020423109,1976,3,USA
6.1550245,1976,4,USA
11.318409,1976,5,USA
16.546848,1976,6,USA
19.312286,1976,7,USA
18.40059,1976,8,USA
14.393532,1976,9,USA
6.2150126,1976,10,USA
0.16147274,1976,11,USA
-5.1391783,1976,12,USA
-6.4931245,1977,1,USA
-1.716192,1977,2,USA
-0.10827909,1977,3,USA
6.420667,1977,4,USA
12.483686,1977,5,USA
17.652462,1977,6,USA
20.20779,1977,7,USA
19.268654,1977,8,USA
15.167778,1977,9,USA
8.115154,1977,10,USA
-0.005146461,1977,11,USA
-4.4921274,1977,12,USA
-5.9051056,1978,1,USA
-5.4967656,1978,2,USA
0.34631816,1978,3,USA
6.6148696,1978,4,USA
12.066884,1978,5,USA
16.822824,1978,6,USA
19.844364,1978,7,USA
18.888588,1978,8,USA
15.203682,1978,9,USA
7.7509966,1978,10,USA
1.2479861,1978,11,USA
-4.6350894,1978,12,USA
-7.710008,1979,1,USA
-7.95356,1979,2,USA
0.75311226,1979,3,USA
5.9630594,1979,4,USA
11.96904,1979,5,USA
16.625935,1979,6,USA
19.689545,1979,7,USA
18.791029,1979,8,USA
15.34876,1979,9,USA
9.154678,1979,10,USA
1.5567942,1979,11,USA
-3.850956,1979,12,USA
-5.828987,1980,1,USA
-3.0614116,1980,2,USA
-0.045748577,1980,3,USA
6.5896254,1980,4,USA
12.407079,1980,5,USA
16.96428,1980,6,USA
20.4404,1980,7,USA
18.749592,1980,8,USA
14.649431,1980,9,USA
7.758625,1980,10,USA
1.3076892,1980,11,USA
-5.127868,1980,12,USA
-2.2921073,1981,1,USA
-2.072803,1981,2,USA
2.2548616,1981,3,USA
7.7103333,1981,4,USA
12.246156,1981,5,USA
17.418653,1981,6,USA
19.617025,1981,7,USA
18.593632,1981,8,USA
14.229861,1981,9,USA
7.380838,1981,10,USA
2.0471318,1981,11,USA
-3.9267495,1981,12,USA
-7.927583,1982,1,USA
-4.256204,1982,2,USA
0.4646257,1982,3,USA
4.4280515,1982,4,USA
11.889015,1982,5,USA
16.049145,1982,6,USA
19.512836,1982,7,USA
18.600874,1982,8,USA
14.301363,1982,9,USA
6.7216024,1982,10,USA
0.15451586,1982,11,USA
-2.3509562,1982,12,USA
-4.9563875,1983,1,USA
-2.1896257,1983,2,USA
0.85937756,1983,3,USA
4.9767494,1983,4,USA
11.243185,1983,5,USA
16.574268,1983,6,USA
19.952297,1983,7,USA
19.59056,1983,8,USA
14.21965,1983,9,USA
7.709072,1983,10,USA
1.6902157,1983,11,USA
-6.2589707,1983,12,USA
-6.1672297,1984,1,USA
-4.091802,1984,2,USA
0.34414157,1984,3,USA
4.8122454,1984,4,USA
11.570627,1984,5,USA
17.13987,1984,6,USA
19.36546,1984,7,USA
18.882587,1984,8,USA
13.952766,1984,9,USA
7.788405,1984,10,USA
0.023596419,1984,11,USA
-3.3034377,1984,12,USA
-4.9937754,1985,1,USA
-5.771481,1985,2,USA
0.9920057,1985,3,USA
5.589422,1985,4,USA
12.474532,1985,5,USA
16.318409,1985,6,USA
19.889301,1985,7,USA
18.153662,1985,8,USA
13.534093,1985,9,USA
7.287103,1985,10,USA
-0.7232099,1985,11,USA
-4.184581,1985,12,USA
-3.5732505,1986,1,USA
-2.397803,1986,2,USA
1.3969691,1986,3,USA
5.7061634,1986,4,USA
12.183482,1986,5,USA
17.72258,1986,6,USA
19.66125,1986,7,USA
18.273272,1986,8,USA
14.21788,1986,9,USA
7.9286613,1986,10,USA
0.27927178,1986,11,USA
-2.0275226,1986,12,USA
-4.342819,1987,1,USA
-2.021237,1987,2,USA
0.8850285,1987,3,USA
6.799044,1987,4,USA
13.19282,1987,5,USA
17.650143,1987,6,USA
19.759174,1987,7,USA
18.79109,1987,8,USA
14.407588,1987,9,USA
8.110822,1987,10,USA
1.4701587,1987,11,USA
-3.4248981,1987,12,USA
-5.90598,1988,1,USA
-3.5201383,1988,2,USA
0.73504883,1988,3,USA
6.5055327,1988,4,USA
12.794101,1988,5,USA
18.00299,1988,6,USA
20.375164,1988,7,USA
19.299227,1988,8,USA
14.23454,1988,9,USA
6.977034,1988,10,USA
0.20303091,1988,11,USA
-3.24762,1988,12,USA
-6.216151,1989,1,USA
-4.5080957,1989,2,USA
0.3035598,1989,3,USA
7.260659,1989,4,USA
12.014728,1989,5,USA
16.86786,1989,6,USA
20.214321,1989,7,USA
18.903845,1989,8,USA
14.652156,1989,9,USA
8.130208,1989,10,USA
-0.23405209,1989,11,USA
-5.452441,1989,12,USA
-3.6060212,1990,1,USA
-4.99998,1990,2,USA
1.9631001,1990,3,USA
7.4849677,1990,4,USA
12.171074,1990,5,USA
17.842678,1990,6,USA
19.992453,1990,7,USA
19.149654,1990,8,USA
15.415846,1990,9,USA
7.811351,1990,10,USA
0.82164365,1990,11,USA
-5.346542,1990,12,USA
-5.7270546,1991,1,USA
-1.5747763,1991,2,USA
0.91718876,1991,3,USA
7.07856,1991,4,USA
13.239484,1991,5,USA
17.586676,1991,6,USA
19.74884,1991,7,USA
19.00301,1991,8,USA
14.9151945,1991,9,USA
8.284011,1991,10,USA
-0.5551871,1991,11,USA
-2.9120831,1991,12,USA
-3.7663956,1992,1,USA
-2.1513019,1992,2,USA
1.5315297,1992,3,USA
6.319345,1992,4,USA
11.851749,1992,5,USA
16.733524,1992,6,USA
18.955635,1992,7,USA
17.805105,1992,8,USA
13.52323,1992,9,USA
7.336595,1992,10,USA
0.2807364,1992,11,USA
-4.8042107,1992,12,USA
-5.5711756,1993,1,USA
-4.24821,1993,2,USA
0.8224573,1993,3,USA
6.566518,1993,4,USA
12.940846,1993,5,USA
16.799492,1993,6,USA
19.72974,1993,7,USA
18.713263,1993,8,USA
13.732344,1993,9,USA
8.132954,1993,10,USA
0.1247559,1993,11,USA
-2.549878,1993,12,USA
-5.396359,1994,1,USA
-4.7803907,1994,2,USA
0.9368389,1994,3,USA
7.0350695,1994,4,USA
12.709846,1994,5,USA
17.971766,1994,6,USA
20.013874,1994,7,USA
19.147436,1994,8,USA
14.810028,1994,9,USA
7.7530313,1994,10,USA
0.26342553,1994,11,USA
-3.0334418,1994,12,USA
-4.133218,1995,1,USA
-2.1319366,1995,2,USA
0.16427991,1995,3,USA
6.398983,1995,4,USA
12.300305,1995,5,USA
16.924633,1995,6,USA
19.93098,1995,7,USA
19.665318,1995,8,USA
15.252115,1995,9,USA
8.362754,1995,10,USA
0.15693654,1995,11,USA
-3.8566113,1995,12,USA
-6.535863,1996,1,USA
-3.4350083,1996,2,USA
-0.08260781,1996,3,USA
5.892392,1996,4,USA
12.606774,1996,5,USA
17.645727,1996,6,USA
19.845911,1996,7,USA
18.667189,1996,8,USA
13.710028,1996,9,USA
6.739667,1996,10,USA
-0.36649716,1996,11,USA
-4.292636,1996,12,USA
-6.1977625,1997,1,USA
-1.8472742,1997,2,USA
0.5090724,1997,3,USA
4.690256,1997,4,USA
11.916314,1997,5,USA
17.15649,1997,6,USA
19.65122,1997,7,USA
18.844448,1997,8,USA
15.602115,1997,9,USA
7.1516676,1997,10,USA
1.0141985,1997,11,USA
-3.863507,1997,12,USA
-3.8557568,1998,1,USA
-1.2739218,1998,2,USA
1.1871847,1998,3,USA
7.051343,1998,4,USA
13.217839,1998,5,USA
16.86198,1998,6,USA
20.465439,1998,7,USA
19.217047,1998,8,USA
16.232952,1998,9,USA
8.498149,1998,10,USA
2.2371848,1998,11,USA
-3.2875304,1998,12,USA
-5.1984744,1999,1,USA
-2.8352523,1999,2,USA
0.04637917,1999,3,USA
5.914585,1999,4,USA
11.781488,1999,5,USA
16.953926,1999,6,USA
19.842373,1999,7,USA
19.132648,1999,8,USA
14.2679615,1999,9,USA
7.5988817,1999,10,USA
2.3117576,1999,11,USA
-3.901139,1999,12,USA
-4.8341336,2000,1,USA
-0.21694466,2000,2,USA
2.382201,2000,3,USA
6.440154,2000,4,USA
12.568877,2000,5,USA
17.111513,2000,6,USA
19.48336,2000,7,USA
19.004658,2000,8,USA
14.358645,2000,9,USA
8.137388,2000,10,USA
-0.28783566,2000,11,USA
-4.9680023,2000,12,USA
-3.535598,2001,1,USA
-2.7158055,2001,2,USA
0.029719284,2001,3,USA
6.9443655,2001,4,USA
12.249918,2001,5,USA
17.37913,2001,6,USA
19.850935,2001,7,USA
19.52608,2001,8,USA
14.989199,2001,9,USA
7.3353744,2001,10,USA
2.3511798,2001,11,USA
-3.5404599,2001,12,USA
-3.0003865,2002,1,USA
-2.602319,2002,2,USA
-0.4254272,2002,3,USA
6.3484945,2002,4,USA
11.937754,2002,5,USA
17.832527,2002,6,USA
20.588507,2002,7,USA
18.80718,2002,8,USA
15.563792,2002,9,USA
7.6536,2002,10,USA
2.19345,2002,11,USA
-1.8926973,2002,12,USA
-3.8850486,2003,1,USA
-3.0210943,2003,2,USA
0.64558583,2003,3,USA
6.831164,2003,4,USA
12.299471,2003,5,USA
17.03338,2003,6,USA
20.499004,2003,7,USA
19.754353,2003,8,USA
14.373149,2003,9,USA
9.624777,2003,10,USA
1.2688771,2003,11,USA
-3.1610253,2003,12,USA
-6.3700366,2004,1,USA
-3.4156632,2004,2,USA
1.9915988,2004,3,USA
7.2384863,2004,4,USA
13.381773,2004,5,USA
17.48576,2004,6,USA
20.042109,2004,7,USA
18.726343,2004,8,USA
14.64286,2004,9,USA
9.059744,2004,10,USA
2.0570993,2004,11,USA
-2.8072822,2004,12,USA
-4.33155,2005,1,USA
-2.0759358,2005,2,USA
1.3269122,2005,3,USA
6.558259,2005,4,USA
12.578539,2005,5,USA
17.731998,2005,6,USA
20.593143,2005,7,USA
19.568531,2005,8,USA
15.927542,2005,9,USA
8.823535,2005,10,USA
0.7975997,2005,11,USA
-3.2052484,2005,12,USA
-2.9681854,2006,1,USA
-2.4193857,2006,2,USA
0.10947925,2006,3,USA
7.280126,2006,4,USA
13.179922,2006,5,USA
17.963488,2006,6,USA
20.931835,2006,7,USA
19.033014,2006,8,USA
14.453967,2006,9,USA
8.239646,2006,10,USA
1.00476,2006,11,USA
-2.170891,2006,12,USA
-5.161066,2007,1,USA
-4.307893,2007,2,USA
0.8754271,2007,3,USA
6.6469283,2007,4,USA
13.015643,2007,5,USA
17.77435,2007,6,USA
20.584234,2007,7,USA
20.239199,2007,8,USA
15.732527,2007,9,USA
9.161493,2007,10,USA
2.4660294,2007,11,USA
-3.3541703,2007,12,USA
-5.7588487,2008,1,USA
-4.0355573,2008,2,USA
0.24707079,2008,3,USA
5.9192433,2008,4,USA
11.993816,2008,5,USA
17.364138,2008,6,USA
19.810293,2008,7,USA
18.773678,2008,8,USA
14.890317,2008,9,USA
7.278886,2008,10,USA
1.0480878,2008,11,USA
-4.306794,2008,12,USA
-5.893348,2009,1,USA
-2.8478236,2009,2,USA
0.04357201,2009,3,USA
6.02144,2009,4,USA
12.905452,2009,5,USA
17.125286,2009,6,USA
19.777258,2009,7,USA
18.656284,2009,8,USA
15.397905,2009,9,USA
7.195301,2009,10,USA
1.6789057,2009,11,USA
-4.835456,2009,12,USA
-5.5933785,2010,1,USA
-3.8179212,2010,2,USA
0.9171854,2010,3,USA
7.3721375,2010,4,USA
12.336201,2010,5,USA
17.522732,2010,6,USA
19.910017,2010,7,USA
19.687815,2010,8,USA
15.211393,2010,9,USA
9.035483,2010,10,USA
1.4530089,2010,11,USA
-5.125241,2010,12,USA
-5.5289,2011,1,USA
-4.0734015,2011,2,USA
0.5486134,2011,3,USA
6.2727222,2011,4,USA
12.03256,2011,5,USA
17.410091,2011,6,USA
20.475325,2011,7,USA
19.63522,2011,8,USA
15.237577,2011,9,USA
8.923316,2011,10,USA
0.46751556,2011,11,USA
-2.5332956,2011,12,USA
-5.3926053,2012,1,USA
-1.4349179,2012,2,USA
2.3908508,2012,3,USA
7.7038865,2012,4,USA
13.026486,2012,5,USA
17.858328,2012,6,USA
20.791323,2012,7,USA
19.376268,2012,8,USA
14.936351,2012,9,USA
7.797812,2012,10,USA
1.834069,2012,11,USA
-3.6135635,2012,12,USA
25.490925,1960,1,BRA
25.46946,1960,2,BRA
25.124546,1960,3,BRA
24.576118,1960,4,BRA
23.245182,1960,5,BRA
22.996622,1960,6,BRA
22.978735,1960,7,BRA
23.899801,1960,8,BRA
25.133554,1960,9,BRA
25.806757,1960,10,BRA
25.305067,1960,11,BRA
25.53193,1960,12,BRA
25.651575,1961,1,BRA
25.490791,1961,2,BRA
25.608181,1961,3,BRA
25.260052,1961,4,BRA
24.391323,1961,5,BRA
23.137827,1961,6,BRA
23.552269,1961,7,BRA
25.102419,1961,8,BRA
26.114475,1961,9,BRA
25.963696,1961,10,BRA
26.01792,1961,11,BRA
25.413052,1961,12,BRA
25.546738,1962,1,BRA
25.660252,1962,2,BRA
25.613415,1962,3,BRA
24.853262,1962,4,BRA
23.842133,1962,5,BRA
22.771183,1962,6,BRA
22.408115,1962,7,BRA
24.281616,1962,8,BRA
25.628717,1962,9,BRA
25.304108,1962,10,BRA
26.013416,1962,11,BRA
25.741108,1962,12,BRA
25.900793,1963,1,BRA
25.470322,1963,2,BRA
25.5526,1963,3,BRA
25.052402,1963,4,BRA
23.926533,1963,5,BRA
23.107586,1963,6,BRA
23.534018,1963,7,BRA
24.843756,1963,8,BRA
26.19427,1963,9,BRA
26.985922,1963,10,BRA
26.169292,1963,11,BRA
25.869394,1963,12,BRA
25.871845,1964,1,BRA
26.041935,1964,2,BRA
25.5209,1964,3,BRA
25.263597,1964,4,BRA
23.945612,1964,5,BRA
22.876184,1964,6,BRA
22.954025,1964,7,BRA
24.54137,1964,8,BRA
25.34273,1964,9,BRA
25.114674,1964,10,BRA
25.191122,1964,11,BRA
25.324379,1964,12,BRA
25.405134,1965,1,BRA
25.617722,1965,2,BRA
24.967539,1965,3,BRA
24.76479,1965,4,BRA
24.370718,1965,5,BRA
23.795065,1965,6,BRA
23.53011,1965,7,BRA
24.471018,1965,8,BRA
25.819443,1965,9,BRA
25.9948,1965,10,BRA
25.835773,1965,11,BRA
25.940708,1965,12,BRA
26.109043,1966,1,BRA
26.059689,1966,2,BRA
25.78367,1966,3,BRA
25.194038,1966,4,BRA
24.565453,1966,5,BRA
23.813679,1966,6,BRA
23.537031,1966,7,BRA
24.043821,1966,8,BRA
24.968168,1966,9,BRA
26.095993,1966,10,BRA
25.933685,1966,11,BRA
26.046574,1966,12,BRA
25.713049,1967,1,BRA
25.573368,1967,2,BRA
25.259523,1967,3,BRA
24.840576,1967,4,BRA
24.56181,1967,5,BRA
23.121233,1967,6,BRA
23.335209,1967,7,BRA
24.679531,1967,8,BRA
25.802847,1967,9,BRA
26.192547,1967,10,BRA
25.625372,1967,11,BRA
25.726894,1967,12,BRA
25.440378,1968,1,BRA
25.47284,1968,2,BRA
25.151937,1968,3,BRA
24.174826,1968,4,BRA
22.791023,1968,5,BRA
23.10636,1968,6,BRA
23.341637,1968,7,BRA
24.105698,1968,8,BRA
24.591553,1968,9,BRA
25.90649,1968,10,BRA
26.04889,1968,11,BRA
25.76923,1968,12,BRA
25.794765,1969,1,BRA
26.191387,1969,2,BRA
26.051838,1969,3,BRA
25.396622,1969,4,BRA
24.806028,1969,5,BRA
23.786915,1969,6,BRA
23.452866,1969,7,BRA
24.296455,1969,8,BRA
25.903479,1969,9,BRA
25.633158,1969,10,BRA
26.341206,1969,11,BRA
25.515303,1969,12,BRA
25.824347,1970,1,BRA
25.869328,1970,2,BRA
25.68993,1970,3,BRA
25.433125,1970,4,BRA
24.7262,1970,5,BRA
23.863829,1970,6,BRA
23.218681,1970,7,BRA
24.161543,1970,8,BRA
25.10159,1970,9,BRA
25.885921,1970,10,BRA
25.62196,1970,11,BRA
26.164358,1970,12,BRA
25.636898,1971,1,BRA
25.188274,1971,2,BRA
25.205101,1971,3,BRA
24.304008,1971,4,BRA
23.408646,1971,5,BRA
22.433752,1971,6,BRA
22.912819,1971,7,BRA
23.649618,1971,8,BRA
24.787943,1971,9,BRA
24.735144,1971,10,BRA
25.036701,1971,11,BRA
25.727427,1971,12,BRA
25.134615,1972,1,BRA
25.084068,1972,2,BRA
25.390362,1972,3,BRA
24.382046,1972,4,BRA
24.375488,1972,5,BRA
23.982876,1972,6,BRA
23.391985,1972,7,BRA
23.999039,1972,8,BRA
25.091885,1972,9,BRA
25.657171,1972,10,BRA
26.00825,1972,11,BRA
26.160152,1972,12,BRA
26.359491,1973,1,BRA
26.20043,1973,2,BRA
26.014872,1973,3,BRA
25.747995,1973,4,BRA
24.114079,1973,5,BRA
23.83001,1973,6,BRA
22.747765,1973,7,BRA
23.76638,1973,8,BRA
24.689037,1973,9,BRA
25.733423,1973,10,BRA
25.386717,1973,11,BRA
25.494633,1973,12,BRA
25.271812,1974,1,BRA
25.283339,1974,2,BRA
24.784,1974,3,BRA
24.566149,1974,4,BRA
23.693375,1974,5,BRA
22.851938,1974,6,BRA
22.638092,1974,7,BRA
23.829414,1974,8,BRA
24.647831,1974,9,BRA
25.030972,1974,10,BRA
25.266644,1974,11,BRA
24.891487,1974,12,BRA
25.00179,1975,1,BRA
25.250347,1975,2,BRA
25.129148,1975,3,BRA
24.56257,1975,4,BRA
23.651308,1975,5,BRA
23.076714,1975,6,BRA
22.141438,1975,7,BRA
23.70232,1975,8,BRA
25.064657,1975,9,BRA
25.220701,1975,10,BRA
25.215038,1975,11,BRA
25.240974,1975,12,BRA
25.181053,1976,1,BRA
24.940643,1976,2,BRA
24.755018,1976,3,BRA
24.37698,1976,4,BRA
23.657667,1976,5,BRA
22.577013,1976,6,BRA
22.790726,1976,7,BRA
24.1422,1976,8,BRA
24.435642,1976,9,BRA
25.214409,1976,10,BRA
25.144485,1976,11,BRA
25.537727,1976,12,BRA
25.47688,1977,1,BRA
25.440842,1977,2,BRA
25.557766,1977,3,BRA
24.633356,1977,4,BRA
23.48102,1977,5,BRA
23.191654,1977,6,BRA
24.001259,1977,7,BRA
24.221134,1977,8,BRA
25.036734,1977,9,BRA
25.482742,1977,10,BRA
25.568302,1977,11,BRA
25.602585,1977,12,BRA
25.609177,1978,1,BRA
25.776846,1978,2,BRA
25.389797,1978,3,BRA
24.724346,1978,4,BRA
23.754555,1978,5,BRA
22.843954,1978,6,BRA
23.596554,1978,7,BRA
23.166645,1978,8,BRA
24.637363,1978,9,BRA
25.490261,1978,10,BRA
25.566578,1978,11,BRA
25.578304,1978,12,BRA
25.133123,1979,1,BRA
25.59798,1979,2,BRA
25.226068,1979,3,BRA
24.780125,1979,4,BRA
24.125803,1979,5,BRA
22.432726,1979,6,BRA
22.921133,1979,7,BRA
24.528057,1979,8,BRA
24.628222,1979,9,BRA
25.831533,1979,10,BRA
25.510765,1979,11,BRA
25.60669,1979,12,BRA
25.379894,1980,1,BRA
25.625706,1980,2,BRA
25.63322,1980,3,BRA
25.189367,1980,4,BRA
24.552866,1980,5,BRA
23.23869,1980,6,BRA
23.350712,1980,7,BRA
24.0789,1980,8,BRA
24.444021,1980,9,BRA
25.581982,1980,10,BRA
25.294071,1980,11,BRA
25.728155,1980,12,BRA
25.418316,1981,1,BRA
25.603312,1981,2,BRA
25.505598,1981,3,BRA
25.104074,1981,4,BRA
24.489532,1981,5,BRA
22.700762,1981,6,BRA
22.150381,1981,7,BRA
23.808811,1981,8,BRA
24.42375,1981,9,BRA
25.243193,1981,10,BRA
25.603678,1981,11,BRA
25.732992,1981,12,BRA
25.270586,1982,1,BRA
25.552402,1982,2,BRA
25.40308,1982,3,BRA
24.681551,1982,4,BRA
23.8103,1982,5,BRA
23.701458,1982,6,BRA
23.49089,1982,7,BRA
24.1738,1982,8,BRA
24.861147,1982,9,BRA
25.49205,1982,10,BRA
25.885426,1982,11,BRA
25.361675,1982,12,BRA
25.929646,1983,1,BRA
26.156805,1983,2,BRA
25.720669,1983,3,BRA
25.728718,1983,4,BRA
25.185326,1983,5,BRA
23.53743,1983,6,BRA
23.57996,1983,7,BRA
23.75376,1983,8,BRA
24.741106,1983,9,BRA
25.07284,1983,10,BRA
25.389135,1983,11,BRA
25.298311,1983,12,BRA
25.62471,1984,1,BRA
25.905598,1984,2,BRA
25.495031,1984,3,BRA
24.548792,1984,4,BRA
24.568996,1984,5,BRA
23.299734,1984,6,BRA
23.367405,1984,7,BRA
23.410963,1984,8,BRA
24.450016,1984,9,BRA
25.80997,1984,10,BRA
25.618383,1984,11,BRA
25.550314,1984,12,BRA
25.422922,1985,1,BRA
25.57741,1985,2,BRA
25.550846,1985,3,BRA
25.06373,1985,4,BRA
24.28963,1985,5,BRA
22.70997,1985,6,BRA
22.914211,1985,7,BRA
23.828785,1985,8,BRA
24.913317,1985,9,BRA
25.652004,1985,10,BRA
25.688044,1985,11,BRA
25.706858,1985,12,BRA
25.505035,1986,1,BRA
25.604437,1986,2,BRA
25.335209,1986,3,BRA
25.35737,1986,4,BRA
24.736137,1986,5,BRA
23.3106,1986,6,BRA
22.99639,1986,7,BRA
24.373468,1986,8,BRA
24.653627,1986,9,BRA
25.300331,1986,10,BRA
25.87357,1986,11,BRA
25.648294,1986,12,BRA
25.94051,1987,1,BRA
25.846405,1987,2,BRA
25.466743,1987,3,BRA
25.64465,1987,4,BRA
24.252766,1987,5,BRA
23.459291,1987,6,BRA
24.567606,1987,7,BRA
24.183735,1987,8,BRA
25.238323,1987,9,BRA
26.453693,1987,10,BRA
26.236202,1987,11,BRA
26.340378,1987,12,BRA
26.26893,1988,1,BRA
25.929413,1988,2,BRA
26.224148,1988,3,BRA
25.260748,1988,4,BRA
24.271845,1988,5,BRA
22.920603,1988,6,BRA
22.614408,1988,7,BRA
24.429514,1988,8,BRA
25.531864,1988,9,BRA
25.826267,1988,10,BRA
25.674627,1988,11,BRA
25.649155,1988,12,BRA
25.291023,1989,1,BRA
25.554455,1989,2,BRA
25.296356,1989,3,BRA
25.141438,1989,4,BRA
23.740112,1989,5,BRA
23.37804,1989,6,BRA
22.449322,1989,7,BRA
24.150547,1989,8,BRA
24.804869,1989,9,BRA
25.339947,1989,10,BRA
25.84942,1989,11,BRA
25.515203,1989,12,BRA
25.874792,1990,1,BRA
25.715601,1990,2,BRA
26.012817,1990,3,BRA
25.806591,1990,4,BRA
24.194601,1990,5,BRA
23.410168,1990,6,BRA
22.667473,1990,7,BRA
24.174263,1990,8,BRA
24.56807,1990,9,BRA
26.22173,1990,10,BRA
26.33786,1990,11,BRA
25.855679,1990,12,BRA
25.64561,1991,1,BRA
25.987875,1991,2,BRA
25.668598,1991,3,BRA
25.277477,1991,4,BRA
24.726698,1991,5,BRA
23.893606,1991,6,BRA
23.161842,1991,7,BRA
23.787745,1991,8,BRA
25.064657,1991,9,BRA
25.492779,1991,10,BRA
25.803411,1991,11,BRA
25.983273,1991,12,BRA
25.68102,1992,1,BRA
25.711725,1992,2,BRA
25.431866,1992,3,BRA
25.134912,1992,4,BRA
25.028751,1992,5,BRA
24.227657,1992,6,BRA
22.656277,1992,7,BRA
23.715303,1992,8,BRA
24.32504,1992,9,BRA
25.47953,1992,10,BRA
25.308546,1992,11,BRA
25.315668,1992,12,BRA
25.703445,1993,1,BRA
25.367739,1993,2,BRA
25.654423,1993,3,BRA
25.482378,1993,4,BRA
24.299503,1993,5,BRA
23.566975,1993,6,BRA
23.268534,1993,7,BRA
23.789501,1993,8,BRA
24.941935,1993,9,BRA
25.87933,1993,10,BRA
25.790823,1993,11,BRA
25.725536,1993,12,BRA
25.532627,1994,1,BRA
25.726864,1994,2,BRA
25.45058,1994,3,BRA
25.15174,1994,4,BRA
24.87804,1994,5,BRA
23.483107,1994,6,BRA
23.192547,1994,7,BRA
24.211031,1994,8,BRA
25.393177,1994,9,BRA
26.077343,1994,10,BRA
25.874063,1994,11,BRA
25.904306,1994,12,BRA
26.154587,1995,1,BRA
26.00159,1995,2,BRA
25.97559,1995,3,BRA
25.047731,1995,4,BRA
24.1948,1995,5,BRA
23.744518,1995,6,BRA
24.146076,1995,7,BRA
25.006557,1995,8,BRA
25.635508,1995,9,BRA
26.026333,1995,10,BRA
25.829746,1995,11,BRA
25.839748,1995,12,BRA
26.028055,1996,1,BRA
26.172642,1996,2,BRA
25.563232,1996,3,BRA
25.128023,1996,4,BRA
24.335674,1996,5,BRA
22.865685,1996,6,BRA
23.306957,1996,7,BRA
24.374859,1996,8,BRA
25.039747,1996,9,BRA
25.838324,1996,10,BRA
25.677378,1996,11,BRA
26.230274,1996,12,BRA
25.853958,1997,1,BRA
25.839087,1997,2,BRA
25.233686,1997,3,BRA
25.129381,1997,4,BRA
24.24157,1997,5,BRA
23.650713,1997,6,BRA
24.249355,1997,7,BRA
24.66585,1997,8,BRA
25.592846,1997,9,BRA
26.839748,1997,10,BRA
26.690792,1997,11,BRA
26.431732,1997,12,BRA
26.69609,1998,1,BRA
26.863796,1998,2,BRA
26.341635,1998,3,BRA
26.192282,1998,4,BRA
24.690262,1998,5,BRA
23.773766,1998,6,BRA
24.388836,1998,7,BRA
25.23183,1998,8,BRA
25.584465,1998,9,BRA
26.267008,1998,10,BRA
25.981949,1998,11,BRA
26.222855,1998,12,BRA
26.089169,1999,1,BRA
26.0312,1999,2,BRA
25.827625,1999,3,BRA
25.052235,1999,4,BRA
23.867474,1999,5,BRA
23.628819,1999,6,BRA
23.668896,1999,7,BRA
24.289764,1999,8,BRA
25.476217,1999,9,BRA
25.891388,1999,10,BRA
25.837662,1999,11,BRA
26.104107,1999,12,BRA
25.906689,2000,1,BRA
25.732727,2000,2,BRA
25.5209,2000,3,BRA
25.230772,2000,4,BRA
24.547665,2000,5,BRA
23.97784,2000,6,BRA
22.843094,2000,7,BRA
24.64253,2000,8,BRA
25.088474,2000,9,BRA
26.444418,2000,10,BRA
25.862072,2000,11,BRA
25.907618,2000,12,BRA
25.8157,2001,1,BRA
26.110102,2001,2,BRA
26.026632,2001,3,BRA
25.757965,2001,4,BRA
24.688805,2001,5,BRA
23.181849,2001,6,BRA
24.136635,2001,7,BRA
25.091255,2001,8,BRA
25.59122,2001,9,BRA
26.239218,2001,10,BRA
26.399734,2001,11,BRA
26.020405,2001,12,BRA
25.982046,2002,1,BRA
26.04654,2002,2,BRA
26.257269,2002,3,BRA
25.912851,2002,4,BRA
25.11898,2002,5,BRA
23.913944,2002,6,BRA
24.220901,2002,7,BRA
25.203876,2002,8,BRA
25.556807,2002,9,BRA
26.899668,2002,10,BRA
26.411922,2002,11,BRA
26.361378,2002,12,BRA
26.40308,2003,1,BRA
26.449686,2003,2,BRA
26.032528,2003,3,BRA
25.64452,2003,4,BRA
24.67009,2003,5,BRA
24.515104,2003,6,BRA
23.832428,2003,7,BRA
24.079132,2003,8,BRA
25.402153,2003,9,BRA
26.12703,2003,10,BRA
26.132263,2003,11,BRA
26.480886,2003,12,BRA
26.110004,2004,1,BRA
25.775356,2004,2,BRA
25.892513,2004,3,BRA
25.976482,2004,4,BRA
24.2684,2004,5,BRA
23.817554,2004,6,BRA
23.547598,2004,7,BRA
24.399603,2004,8,BRA
26.033356,2004,9,BRA
26.286783,2004,10,BRA
26.343258,2004,11,BRA
26.220104,2004,12,BRA
26.671051,2005,1,BRA
26.468002,2005,2,BRA
26.156673,2005,3,BRA
25.934216,2005,4,BRA
25.100397,2005,5,BRA
24.47668,2005,6,BRA
23.827293,2005,7,BRA
25.342663,2005,8,BRA
25.161345,2005,9,BRA
26.623684,2005,10,BRA
26.697845,2005,11,BRA
25.948889,2005,12,BRA
26.532558,2006,1,BRA
26.274958,2006,2,BRA
26.092447,2006,3,BRA
25.364723,2006,4,BRA
23.973997,2006,5,BRA
23.759092,2006,6,BRA
24.30318,2006,7,BRA
25.092812,2006,8,BRA
25.556309,2006,9,BRA
26.499933,2006,10,BRA
26.032429,2006,11,BRA
26.4474,2006,12,BRA
26.45631,2007,1,BRA
26.291752,2007,2,BRA
26.122458,2007,3,BRA
25.854654,2007,4,BRA
24.590229,2007,5,BRA
24.126432,2007,6,BRA
23.791851,2007,7,BRA
24.186287,2007,8,BRA
26.17963,2007,9,BRA
26.603973,2007,10,BRA
26.22279,2007,11,BRA
26.13892,2007,12,BRA
25.535772,2008,1,BRA
25.728287,2008,2,BRA
25.587843,2008,3,BRA
25.12779,2008,4,BRA
24.005665,2008,5,BRA
23.25916,2008,6,BRA
24.148823,2008,7,BRA
25.125637,2008,8,BRA
25.451672,2008,9,BRA
26.59258,2008,10,BRA
26.077442,2008,11,BRA
25.980556,2008,12,BRA
25.773434,2009,1,BRA
25.781948,2009,2,BRA
26.017523,2009,3,BRA
25.41517,2009,4,BRA
24.66406,2009,5,BRA
23.363895,2009,6,BRA
24.039814,2009,7,BRA
24.94498,2009,8,BRA
26.180126,2009,9,BRA
26.499405,2009,10,BRA
27.116364,2009,11,BRA
26.156178,2009,12,BRA
26.52296,2010,1,BRA
27.07584,2010,2,BRA
26.80831,2010,3,BRA
25.728561,2010,4,BRA
24.851677,2010,5,BRA
23.745707,2010,6,BRA
23.902493,2010,7,BRA
24.538012,2010,8,BRA
26.301937,2010,9,BRA
26.431519,2010,10,BRA
26.067312,2010,11,BRA
26.206278,2010,12,BRA
25.942135,2011,1,BRA
25.962696,2011,2,BRA
25.623638,2011,3,BRA
25.54863,2011,4,BRA
24.586365,2011,5,BRA
23.896923,2011,6,BRA
24.10357,2011,7,BRA
24.945183,2011,8,BRA
25.809635,2011,9,BRA
26.12056,2011,10,BRA
26.045307,2011,11,BRA
26.09726,2011,12,BRA
25.695074,2012,1,BRA
25.895351,2012,2,BRA
25.783072,2012,3,BRA
25.75968,2012,4,BRA
24.79406,2012,5,BRA
24.072115,2012,6,BRA
23.861927,2012,7,BRA
24.873562,2012,8,BRA
26.235859,2012,9,BRA
26.996677,2012,10,BRA
26.548046,2012,11,BRA
26.470636,2012,12,BRA
-23.891516,1960,1,CAN
-20.710321,1960,2,CAN
-21.83557,1960,3,CAN
-11.139496,1960,4,CAN
0.57438266,1960,5,CAN
7.688211,1960,6,CAN
11.021135,1960,7,CAN
9.817145,1960,8,CAN
3.6448398,1960,9,CAN
-3.9972775,1960,10,CAN
-14.93723,1960,11,CAN
-19.646702,1960,12,CAN
-24.909346,1961,1,CAN
-23.35202,1961,2,CAN
-21.460491,1961,3,CAN
-10.592643,1961,4,CAN
-1.9837914,1961,5,CAN
7.1626945,1961,6,CAN
11.262619,1961,7,CAN
9.275167,1961,8,CAN
1.6806635,1961,9,CAN
-6.204445,1961,10,CAN
-14.118222,1961,11,CAN
-22.117132,1961,12,CAN
-25.354908,1962,1,CAN
-26.526047,1962,2,CAN
-17.310549,1962,3,CAN
-11.212397,1962,4,CAN
-2.2603774,1962,5,CAN
7.1655183,1962,6,CAN
10.882841,1962,7,CAN
9.5011015,1962,8,CAN
3.3087249,1962,9,CAN
-3.725858,1962,10,CAN
-13.865595,1962,11,CAN
-20.186779,1962,12,CAN
-25.242535,1963,1,CAN
-22.56909,1963,2,CAN
-21.766127,1963,3,CAN
-8.808813,1963,4,CAN
-1.8560213,1963,5,CAN
6.2217298,1963,6,CAN
10.815233,1963,7,CAN
9.278334,1963,8,CAN
2.624085,1963,9,CAN
-3.1874003,1963,10,CAN
-13.284754,1963,11,CAN
-20.584589,1963,12,CAN
-24.379549,1964,1,CAN
-22.044168,1964,2,CAN
-23.525833,1964,3,CAN
-12.467355,1964,4,CAN
-1.1120806,1964,5,CAN
5.9564266,1964,6,CAN
10.256211,1964,7,CAN
8.7473345,1964,8,CAN
2.571483,1964,9,CAN
-5.1427755,1964,10,CAN
-14.434076,1964,11,CAN
-23.319185,1964,12,CAN
-25.504433,1965,1,CAN
-26.002192,1965,2,CAN
-18.972977,1965,3,CAN
-10.570571,1965,4,CAN
-0.3910599,1965,5,CAN
5.8117514,1965,6,CAN
9.816994,1965,7,CAN
8.531822,1965,8,CAN
1.2163353,1965,9,CAN
-5.614512,1965,10,CAN
-14.44351,1965,11,CAN
-20.816893,1965,12,CAN
-28.04741,1966,1,CAN
-22.67632,1966,2,CAN
-18.542675,1966,3,CAN
-11.904812,1966,4,CAN
-0.6993162,1966,5,CAN
6.7547293,1966,6,CAN
10.906673,1966,7,CAN
9.628745,1966,8,CAN
4.266747,1966,9,CAN
-5.726238,1966,10,CAN
-17.310194,1966,11,CAN
-20.642078,1966,12,CAN
-24.827808,1967,1,CAN
-26.634964,1967,2,CAN
-21.43181,1967,3,CAN
-12.456667,1967,4,CAN
-0.8827149,1967,5,CAN
6.2247944,1967,6,CAN
10.185804,1967,7,CAN
9.244371,1967,8,CAN
3.5240722,1967,9,CAN
-4.1663036,1967,10,CAN
-15.229138,1967,11,CAN
-19.232746,1967,12,CAN
-26.090185,1968,1,CAN
-23.359402,1968,2,CAN
-17.224022,1968,3,CAN
-10.428517,1968,4,CAN
-1.1817399,1968,5,CAN
6.4074965,1968,6,CAN
9.7432575,1968,7,CAN
8.003102,1968,8,CAN
4.336634,1968,9,CAN
-2.6780171,1968,10,CAN
-13.936989,1968,11,CAN
-22.009068,1968,12,CAN
-25.642422,1969,1,CAN
-20.669659,1969,2,CAN
-19.39249,1969,3,CAN
-9.96814,1969,4,CAN
-1.5850196,1969,5,CAN
5.4920473,1969,6,CAN
10.3319235,1969,7,CAN
9.579714,1969,8,CAN
2.7886665,1969,9,CAN
-4.1201215,1969,10,CAN
-14.033583,1969,11,CAN
-17.252413,1969,12,CAN
-24.735964,1970,1,CAN
-23.512829,1970,2,CAN
-18.060719,1970,3,CAN
-11.325174,1970,4,CAN
-2.4548564,1970,5,CAN
6.83533,1970,6,CAN
10.965518,1970,7,CAN
9.589972,1970,8,CAN
2.8654678,1970,9,CAN
-4.188578,1970,10,CAN
-14.0878935,1970,11,CAN
-24.537153,1970,12,CAN
-26.021221,1971,1,CAN
-23.018703,1971,2,CAN
-18.327694,1971,3,CAN
-9.842928,1971,4,CAN
-0.37267318,1971,5,CAN
7.558959,1971,6,CAN
10.793694,1971,7,CAN
9.110295,1971,8,CAN
3.7752945,1971,9,CAN
-3.4719386,1971,10,CAN
-15.313373,1971,11,CAN
-24.507078,1971,12,CAN
-28.193974,1972,1,CAN
-27.556263,1972,2,CAN
-20.106115,1972,3,CAN
-12.642548,1972,4,CAN
-1.9863746,1972,5,CAN
5.5868177,1972,6,CAN
9.341155,1972,7,CAN
8.734697,1972,8,CAN
0.77319235,1972,9,CAN
-7.208674,1972,10,CAN
-15.654262,1972,11,CAN
-25.389908,1972,12,CAN
-23.598507,1973,1,CAN
-24.888641,1973,2,CAN
-18.276789,1973,3,CAN
-11.042319,1973,4,CAN
0.1622135,1973,5,CAN
7.655464,1973,6,CAN
11.241396,1973,7,CAN
10.267811,1973,8,CAN
3.9038494,1973,9,CAN
-2.7881474,1973,10,CAN
-14.470697,1973,11,CAN
-20.405735,1973,12,CAN
-27.55521,1974,1,CAN
-24.61821,1974,2,CAN
-22.315397,1974,3,CAN
-12.361618,1974,4,CAN
-1.7554642,1974,5,CAN
6.541281,1974,6,CAN
10.824984,1974,7,CAN
8.809852,1974,8,CAN
1.645055,1974,9,CAN
-6.8513613,1974,10,CAN
-13.363429,1974,11,CAN
-20.14593,1974,12,CAN
-27.174444,1975,1,CAN
-23.332165,1975,2,CAN
-20.718628,1975,3,CAN
-10.132646,1975,4,CAN
0.5154109,1975,5,CAN
8.429897,1975,6,CAN
11.35597,1975,7,CAN
9.191085,1975,8,CAN
2.928517,1975,9,CAN
-4.6635303,1975,10,CAN
-14.875433,1975,11,CAN
-22.986311,1975,12,CAN
-24.36505,1976,1,CAN
-24.08103,1976,2,CAN
-20.740192,1976,3,CAN
-8.336191,1976,4,CAN
-0.7103837,1976,5,CAN
6.555224,1976,6,CAN
10.621629,1976,7,CAN
8.892225,1976,8,CAN
3.8832214,1976,9,CAN
-5.866126,1976,10,CAN
-14.043422,1976,11,CAN
-22.87665,1976,12,CAN
-20.877802,1977,1,CAN
-21.016045,1977,2,CAN
-17.302748,1977,3,CAN
-8.865696,1977,4,CAN
0.63739395,1977,5,CAN
7.4591613,1977,6,CAN
10.343814,1977,7,CAN
8.867798,1977,8,CAN
3.5303912,1977,9,CAN
-3.5943775,1977,10,CAN
-14.200139,1977,11,CAN
-23.66885,1977,12,CAN
-24.259464,1978,1,CAN
-19.903723,1978,2,CAN
-20.25526,1978,3,CAN
-11.089553,1978,4,CAN
-1.5273268,1978,5,CAN
5.2854757,1978,6,CAN
9.810371,1978,7,CAN
8.117057,1978,8,CAN
2.7566419,1978,9,CAN
-7.6611624,1978,10,CAN
-16.822401,1978,11,CAN
-20.370686,1978,12,CAN
-23.145168,1979,1,CAN
-30.13124,1979,2,CAN
-19.732113,1979,3,CAN
-10.58488,1979,4,CAN
-0.7393061,1979,5,CAN
5.9085727,1979,6,CAN
11.019932,1979,7,CAN
8.319678,1979,8,CAN
2.907826,1979,9,CAN
-5.1183743,1979,10,CAN
-12.683994,1979,11,CAN
-20.169544,1979,12,CAN
-24.023478,1980,1,CAN
-20.28616,1980,2,CAN
-18.429138,1980,3,CAN
-9.564898,1980,4,CAN
0.77482593,1980,5,CAN
6.577916,1980,6,CAN
10.321932,1980,7,CAN
9.563036,1980,8,CAN
1.658136,1980,9,CAN
-3.7111053,1980,10,CAN
-13.441269,1980,11,CAN
-24.02986,1980,12,CAN
-18.905647,1981,1,CAN
-19.696556,1981,2,CAN
-14.953768,1981,3,CAN
-11.325479,1981,4,CAN
0.24961379,1981,5,CAN
6.8692923,1981,6,CAN
11.083171,1981,7,CAN
10.152602,1981,8,CAN
3.8906674,1981,9,CAN
-3.8358872,1981,10,CAN
-11.071571,1981,11,CAN
-18.536419,1981,12,CAN
-27.64765,1982,1,CAN
-24.61626,1982,2,CAN
-20.402178,1982,3,CAN
-12.67746,1982,4,CAN
-1.2739648,1982,5,CAN
6.596391,1982,6,CAN
10.897505,1982,7,CAN
7.9960747,1982,8,CAN
3.1301126,1982,9,CAN
-4.713841,1982,10,CAN
-17.027592,1982,11,CAN
-22.426668,1982,12,CAN
-24.406078,1983,1,CAN
-23.861542,1983,2,CAN
-19.399063,1983,3,CAN
-10.378321,1983,4,CAN
-3.401317,1983,5,CAN
7.49962,1983,6,CAN
10.871166,1983,7,CAN
9.79344,1983,8,CAN
3.960504,1983,9,CAN
-4.919096,1983,10,CAN
-12.100493,1983,11,CAN
-23.221249,1983,12,CAN
-25.57418,1984,1,CAN
-21.575928,1984,2,CAN
-18.944143,1984,3,CAN
-8.536951,1984,4,CAN
-0.22747879,1984,5,CAN
7.5958214,1984,6,CAN
11.26158,1984,7,CAN
9.66638,1984,8,CAN
2.0897303,1984,9,CAN
-4.798164,1984,10,CAN
-15.506078,1984,11,CAN
-24.42097,1984,12,CAN
-21.171103,1985,1,CAN
-25.514994,1985,2,CAN
-18.740736,1985,3,CAN
-12.163911,1985,4,CAN
0.12533873,1985,5,CAN
7.2215652,1985,6,CAN
10.461771,1985,7,CAN
8.454603,1985,8,CAN
3.867557,1985,9,CAN
-5.2247686,1985,10,CAN
-17.335407,1985,11,CAN
-19.174915,1985,12,CAN
-23.446878,1986,1,CAN
-21.513575,1986,2,CAN
-19.425009,1986,3,CAN
-10.577852,1986,4,CAN
-0.08196784,1986,5,CAN
5.5319614,1986,6,CAN
10.047828,1986,7,CAN
8.621262,1986,8,CAN
2.4360263,1986,9,CAN
-6.4907684,1986,10,CAN
-18.162884,1986,11,CAN
-19.462353,1986,12,CAN
-21.609737,1987,1,CAN
-21.816336,1987,2,CAN
-18.531075,1987,3,CAN
-9.754198,1987,4,CAN
-1.6439533,1987,5,CAN
7.0845633,1987,6,CAN
10.865823,1987,7,CAN
8.430214,1987,8,CAN
4.6521463,1987,9,CAN
-4.4149427,1987,10,CAN
-13.582652,1987,11,CAN
-17.12525,1987,12,CAN
-24.767582,1988,1,CAN
-23.029797,1988,2,CAN
-16.232798,1988,3,CAN
-7.8035455,1988,4,CAN
0.004989237,1988,5,CAN
7.4766746,1988,6,CAN
11.329378,1988,7,CAN
9.891047,1988,8,CAN
3.8885274,1988,9,CAN
-3.7309487,1988,10,CAN
-14.955882,1988,11,CAN
-21.390427,1988,12,CAN
-25.792934,1989,1,CAN
-22.773952,1989,2,CAN
-21.777498,1989,3,CAN
-9.291605,1989,4,CAN
-1.5103331,1989,5,CAN
7.751133,1989,6,CAN
11.607028,1989,7,CAN
10.145841,1989,8,CAN
3.68602,1989,9,CAN
-5.005204,1989,10,CAN
-16.938026,1989,11,CAN
-22.578297,1989,12,CAN
-24.146915,1990,1,CAN
-26.797695,1990,2,CAN
-16.11089,1990,3,CAN
-9.480461,1990,4,CAN
-0.43783718,1990,5,CAN
7.3678107,1990,6,CAN
11.258769,1990,7,CAN
9.294454,1990,8,CAN
3.6181462,1990,9,CAN
-6.010219,1990,10,CAN
-16.608372,1990,11,CAN
-24.082766,1990,12,CAN
-26.473837,1991,1,CAN
-21.815777,1991,2,CAN
-18.426199,1991,3,CAN
-9.055907,1991,4,CAN
0.40783843,1991,5,CAN
7.90604,1991,6,CAN
11.100658,1991,7,CAN
9.986603,1991,8,CAN
3.3268204,1991,9,CAN
-5.7517667,1991,10,CAN
-14.797228,1991,11,CAN
-21.549007,1991,12,CAN
-23.022768,1992,1,CAN
-23.739204,1992,2,CAN
-17.103838,1992,3,CAN
-11.840015,1992,4,CAN
-1.9907053,1992,5,CAN
5.7831583,1992,6,CAN
9.676637,1992,7,CAN
8.668254,1992,8,CAN
2.0723312,1992,9,CAN
-4.8717995,1992,10,CAN
-14.085805,1992,11,CAN
-21.920895,1992,12,CAN
-23.630886,1993,1,CAN
-23.50166,1993,2,CAN
-17.42925,1993,3,CAN
-9.651361,1993,4,CAN
0.43801445,1993,5,CAN
7.3338737,1993,6,CAN
11.127175,1993,7,CAN
9.239547,1993,8,CAN
2.728036,1993,9,CAN
-4.319628,1993,10,CAN
-15.667418,1993,11,CAN
-20.503483,1993,12,CAN
-26.569546,1994,1,CAN
-26.084324,1994,2,CAN
-17.689882,1994,3,CAN
-10.340788,1994,4,CAN
0.29185766,1994,5,CAN
8.078384,1994,6,CAN
11.644954,1994,7,CAN
9.619159,1994,8,CAN
4.1240854,1994,9,CAN
-2.7179437,1994,10,CAN
-13.254895,1994,11,CAN
-19.76643,1994,12,CAN
-21.82948,1995,1,CAN
-23.589502,1995,2,CAN
-19.18706,1995,3,CAN
-8.014044,1995,4,CAN
-1.2207674,1995,5,CAN
8.713119,1995,6,CAN
10.781132,1995,7,CAN
9.620084,1995,8,CAN
3.823794,1995,9,CAN
-4.264594,1995,10,CAN
-14.773966,1995,11,CAN
-22.262592,1995,12,CAN
-26.970978,1996,1,CAN
-21.269241,1996,2,CAN
-19.670319,1996,3,CAN
-9.930202,1996,4,CAN
-1.5061922,1996,5,CAN
7.502013,1996,6,CAN
11.232062,1996,7,CAN
8.944713,1996,8,CAN
3.6703053,1996,9,CAN
-5.9458656,1996,10,CAN
-14.056021,1996,11,CAN
-20.049765,1996,12,CAN
-24.765924,1997,1,CAN
-22.901367,1997,2,CAN
-19.905117,1997,3,CAN
-10.354565,1997,4,CAN
-1.0563126,1997,5,CAN
7.4027853,1997,6,CAN
11.389198,1997,7,CAN
9.142687,1997,8,CAN
3.8478408,1997,9,CAN
-5.486628,1997,10,CAN
-12.146967,1997,11,CAN
-17.766773,1997,12,CAN
-25.556604,1998,1,CAN
-20.255085,1998,2,CAN
-17.13738,1998,3,CAN
-6.9271874,1998,4,CAN
1.8390782,1998,5,CAN
8.804976,1998,6,CAN
12.329087,1998,7,CAN
10.896238,1998,8,CAN
5.274547,1998,9,CAN
-2.6382043,1998,10,CAN
-10.512055,1998,11,CAN
-18.351728,1998,12,CAN
-24.065279,1999,1,CAN
-20.320564,1999,2,CAN
-15.347069,1999,3,CAN
-8.117589,1999,4,CAN
-0.39350384,1999,5,CAN
7.392605,1999,6,CAN
10.676776,1999,7,CAN
9.973129,1999,8,CAN
4.4018617,1999,9,CAN
-4.9916677,1999,10,CAN
-11.968545,1999,11,CAN
-18.946384,1999,12,CAN
-24.03329,2000,1,CAN
-20.884842,2000,2,CAN
-15.398315,2000,3,CAN
-10.157731,2000,4,CAN
-1.2918956,2000,5,CAN
6.520565,2000,6,CAN
11.540598,2000,7,CAN
9.181461,2000,8,CAN
2.9462328,2000,9,CAN
-4.4937067,2000,10,CAN
-12.887514,2000,11,CAN
-21.760098,2000,12,CAN
-21.326668,2001,1,CAN
-23.135546,2001,2,CAN
-16.903622,2001,3,CAN
-9.918665,2001,4,CAN
0.06359377,2001,5,CAN
7.1155,2001,6,CAN
11.599733,2001,7,CAN
10.184273,2001,8,CAN
4.989477,2001,9,CAN
-4.340851,2001,10,CAN
-12.33495,2001,11,CAN
-17.16101,2001,12,CAN
-22.844929,2002,1,CAN
-23.69258,2002,2,CAN
-20.646854,2002,3,CAN
-12.141509,2002,4,CAN
-2.0006459,2002,5,CAN
7.464366,2002,6,CAN
11.00257,2002,7,CAN
9.5740795,2002,8,CAN
4.51593,2002,9,CAN
-4.2210207,2002,10,CAN
-12.872876,2002,11,CAN
-16.362505,2002,12,CAN
-21.077929,2003,1,CAN
-24.962568,2003,2,CAN
-20.12849,2003,3,CAN
-10.207902,2003,4,CAN
0.25698367,2003,5,CAN
6.955882,2003,6,CAN
11.581221,2003,7,CAN
9.929316,2003,8,CAN
4.642269,2003,9,CAN
-2.507484,2003,10,CAN
-13.2347355,2003,11,CAN
-18.077675,2003,12,CAN
-25.894114,2004,1,CAN
-21.963886,2004,2,CAN
-19.716335,2004,3,CAN
-10.59824,2004,4,CAN
-2.2383943,2004,5,CAN
6.7855897,2004,6,CAN
10.936811,2004,7,CAN
8.854274,2004,8,CAN
3.477612,2004,9,CAN
-4.1737113,2004,10,CAN
-13.525655,2004,11,CAN
-22.300556,2004,12,CAN
-24.546183,2005,1,CAN
-21.48954,2005,2,CAN
-17.10847,2005,3,CAN
-7.6052804,2005,4,CAN
0.62526274,2005,5,CAN
8.012967,2005,6,CAN
11.162683,2005,7,CAN
9.473902,2005,8,CAN
4.2429404,2005,9,CAN
-3.2269847,2005,10,CAN
-11.755844,2005,11,CAN
-18.15055,2005,12,CAN
-20.67075,2006,1,CAN
-21.465366,2006,2,CAN
-16.887299,2006,3,CAN
-7.9341903,2006,4,CAN
1.2254021,2006,5,CAN
8.260909,2006,6,CAN
11.383538,2006,7,CAN
9.536749,2006,8,CAN
4.7347345,2006,9,CAN
-3.052691,2006,10,CAN
-14.437685,2006,11,CAN
-17.211864,2006,12,CAN
-21.364214,2007,1,CAN
-22.593782,2007,2,CAN
-19.24356,2007,3,CAN
-9.409586,2007,4,CAN
-1.0992149,2007,5,CAN
7.1400785,2007,6,CAN
12.424643,2007,7,CAN
9.096062,2007,8,CAN
2.9288716,2007,9,CAN
-3.7183487,2007,10,CAN
-14.345815,2007,11,CAN
-21.646664,2007,12,CAN
-23.768152,2008,1,CAN
-24.073534,2008,2,CAN
-20.136799,2008,3,CAN
-10.387641,2008,4,CAN
-0.003697607,2008,5,CAN
7.420615,2008,6,CAN
11.279676,2008,7,CAN
9.702583,2008,8,CAN
3.5588958,2008,9,CAN
-3.495644,2008,10,CAN
-12.563429,2008,11,CAN
-23.943624,2008,12,CAN
-23.598303,2009,1,CAN
-23.539825,2009,2,CAN
-20.934595,2009,3,CAN
-10.112524,2009,4,CAN
-2.0317335,2009,5,CAN
6.967658,2009,6,CAN
11.061834,2009,7,CAN
9.567279,2009,8,CAN
5.141535,2009,9,CAN
-6.0638595,2009,10,CAN
-10.923402,2009,11,CAN
-19.498203,2009,12,CAN
-20.73742,2010,1,CAN
-17.592525,2010,2,CAN
-14.207141,2010,3,CAN
-5.6706953,2010,4,CAN
-0.12836704,2010,5,CAN
7.58277,2010,6,CAN
11.83684,2010,7,CAN
10.229959,2010,8,CAN
3.8118157,2010,9,CAN
-2.8654292,2010,10,CAN
-11.266391,2010,11,CAN
-17.43721,2010,12,CAN
-21.372028,2011,1,CAN
-22.525099,2011,2,CAN
-17.563469,2011,3,CAN
-11.348273,2011,4,CAN
0.28970152,2011,5,CAN
7.8733225,2011,6,CAN
11.384497,2011,7,CAN
10.521621,2011,8,CAN
4.8986807,2011,9,CAN
-2.8117168,2011,10,CAN
-12.805033,2011,11,CAN
-17.74509,2011,12,CAN
-22.339554,2012,1,CAN
-19.11813,2012,2,CAN
-16.758041,2012,3,CAN
-9.244401,2012,4,CAN
0.7847558,2012,5,CAN
8.517527,2012,6,CAN
12.549766,2012,7,CAN
10.582622,2012,8,CAN
5.8556857,2012,9,CAN
-4.519018,2012,10,CAN
-14.626271,2012,11,CAN
-20.26015,2012,12,CAN
