Temperature,Year,Month,Country
-9.295454,1960,1,CHN
-3.5692081,1960,2,CHN
0.78878295,1960,3,CHN
6.4747314,1960,4,CHN
11.959262,1960,5,CHN
17.253836,1960,6,CHN
19.540104,1960,7,CHN
18.666838,1960,8,CHN
14.4346285,1960,9,CHN
6.8065248,1960,10,CHN
-1.0524194,1960,11,CHN
-7.1706495,1960,12,CHN
-8.986021,1961,1,CHN
-5.795503,1961,2,CHN
0.738783,1961,3,CHN
8.433016,1961,4,CHN
12.854521,1961,5,CHN
17.756012,1961,6,CHN
19.943329,1961,7,CHN
18.551197,1961,8,CHN
14.250513,1961,9,CHN
7.2076006,1961,10,CHN
0.0370479,1961,11,CHN
-6.892058,1961,12,CHN
-9.2411785,1962,1,CHN
-5.0617056,1962,2,CHN
-0.03902737,1962,3,CHN
6.9501953,1962,4,CHN
13.016935,1962,5,CHN
17.069918,1962,6,CHN
19.742546,1962,7,CHN
18.582233,1962,8,CHN
14.34785,1962,9,CHN
7.2385626,1962,10,CHN
-1.709042,1962,11,CHN
-6.27478,1962,12,CHN
-9.503421,1963,1,CHN
-5.3492913,1963,2,CHN
1.7959921,1963,3,CHN
6.852468,1963,4,CHN
13.45782,1963,5,CHN
17.118011,1963,6,CHN
19.488369,1963,7,CHN
18.927689,1963,8,CHN
14.361461,1963,9,CHN
7.113392,1963,10,CHN
-0.022360703,1963,11,CHN
-6.472556,1963,12,CHN
-8.54455,1964,1,CHN
-8.907527,1964,2,CHN
0.72150534,1964,3,CHN
8.392034,1964,4,CHN
12.835582,1964,5,CHN
16.587708,1964,6,CHN
19.215494,1964,7,CHN
18.659702,1964,8,CHN
13.890592,1964,9,CHN
7.343084,1964,10,CHN
-0.26502934,1964,11,CHN
-6.793597,1964,12,CHN
-7.8120966,1965,1,CHN
-6.0381722,1965,2,CHN
-0.37495112,1965,3,CHN
7.1211386,1965,4,CHN
13.21168,1965,5,CHN
17.14956,1965,6,CHN
19.23563,1965,7,CHN
17.878544,1965,8,CHN
13.600904,1965,9,CHN
7.832967,1965,10,CHN
-0.31234115,1965,11,CHN
-7.843108,1965,12,CHN
-8.1748295,1966,1,CHN
-4.4057918,1966,2,CHN
0.7857283,1966,3,CHN
6.759238,1966,4,CHN
12.708553,1966,5,CHN
17.10584,1966,6,CHN
19.256037,1966,7,CHN
19.009531,1966,8,CHN
13.51322,1966,9,CHN
7.208113,1966,10,CHN
-1.230523,1966,11,CHN
-8.197042,1966,12,CHN
-9.628446,1967,1,CHN
-6.780669,1967,2,CHN
0.2926442,1967,3,CHN
7.2779326,1967,4,CHN
13.910606,1967,5,CHN
16.9109,1967,6,CHN
19.523241,1967,7,CHN
18.870527,1967,8,CHN
13.362585,1967,9,CHN
7.1370964,1967,10,CHN
-2.5505865,1967,11,CHN
-8.824144,1967,12,CHN
-9.095552,1968,1,CHN
-8.446554,1968,2,CHN
1.3622679,1968,3,CHN
7.2847757,1968,4,CHN
12.8975315,1968,5,CHN
17.182697,1968,6,CHN
19.47847,1968,7,CHN
17.893818,1968,8,CHN
13.550464,1968,9,CHN
6.4909577,1968,10,CHN
-0.12812805,1968,11,CHN
-5.3635874,1968,12,CHN
-10.155669,1969,1,CHN
-8.960997,1969,2,CHN
0.04601662,1969,3,CHN
7.339541,1969,4,CHN
13.439565,1969,5,CHN
16.477543,1969,6,CHN
19.256916,1969,7,CHN
18.117083,1969,8,CHN
13.659872,1969,9,CHN
7.639907,1969,10,CHN
-1.4159579,1969,11,CHN
-7.168939,1969,12,CHN
-9.512464,1970,1,CHN
-5.4147606,1970,2,CHN
-2.2969208,1970,3,CHN
7.080963,1970,4,CHN
13.229375,1970,5,CHN
16.778006,1970,6,CHN
19.324757,1970,7,CHN
18.750195,1970,8,CHN
13.684921,1970,9,CHN
7.059555,1970,10,CHN
-1.0733626,1970,11,CHN
-6.5592866,1970,12,CHN
-8.916006,1971,1,CHN
-6.5060606,1971,2,CHN
-0.39423266,1971,3,CHN
7.7685,1971,4,CHN
12.615957,1971,5,CHN
17.156818,1971,6,CHN
19.571651,1971,7,CHN
18.225122,1971,8,CHN
13.665665,1971,9,CHN
7.199291,1971,10,CHN
0.30459434,1971,11,CHN
-5.965152,1971,12,CHN
-7.652762,1972,1,CHN
-8.191007,1972,2,CHN
1.3634409,1972,3,CHN
7.107942,1972,4,CHN
13.242839,1972,5,CHN
17.20667,1972,6,CHN
19.2282,1972,7,CHN
18.336046,1972,8,CHN
13.148802,1972,9,CHN
6.7824044,1972,10,CHN
-0.7444526,1972,11,CHN
-6.414003,1972,12,CHN
-7.8875365,1973,1,CHN
-4.6050344,1973,2,CHN
0.8636119,1973,3,CHN
8.270822,1973,4,CHN
12.484922,1973,5,CHN
16.87715,1973,6,CHN
19.435068,1973,7,CHN
18.543818,1973,8,CHN
14.211878,1973,9,CHN
6.6978736,1973,10,CHN
-0.06852395,1973,11,CHN
-6.434922,1973,12,CHN
-8.618035,1974,1,CHN
-7.0793505,1974,2,CHN
-0.41424733,1974,3,CHN
8.370577,1974,4,CHN
13.312317,1974,5,CHN
16.721554,1974,6,CHN
19.532478,1974,7,CHN
18.227884,1974,8,CHN
13.730156,1974,9,CHN
6.8877077,1974,10,CHN
-0.14902249,1974,11,CHN
-8.48326,1974,12,CHN
-7.83695,1975,1,CHN
-5.4501467,1975,2,CHN
1.4055474,1975,3,CHN
7.891398,1975,4,CHN
12.304741,1975,5,CHN
17.347507,1975,6,CHN
19.233284,1975,7,CHN
19.011217,1975,8,CHN
14.869061,1975,9,CHN
8.109946,1975,10,CHN
-0.43963832,1975,11,CHN
-8.1217985,1975,12,CHN
-7.847532,1976,1,CHN
-4.0458455,1976,2,CHN
-0.535606,1976,3,CHN
6.7133675,1976,4,CHN
12.804179,1976,5,CHN
16.239002,1976,6,CHN
18.450342,1976,7,CHN
17.594305,1976,8,CHN
13.65457,1976,9,CHN
7.0413733,1976,10,CHN
-2.4552054,1976,11,CHN
-7.334628,1976,12,CHN
-11.047654,1977,1,CHN
-7.022971,1977,2,CHN
1.1489491,1977,3,CHN
7.6913733,1977,4,CHN
12.440518,1977,5,CHN
16.90369,1977,6,CHN
19.564247,1977,7,CHN
18.527664,1977,8,CHN
14.516275,1977,9,CHN
8.075025,1977,10,CHN
-0.17060117,1977,11,CHN
-5.6710167,1977,12,CHN
-9.451564,1978,1,CHN
-7.028006,1978,2,CHN
0.25884652,1978,3,CHN
8.306598,1978,4,CHN
13.311094,1978,5,CHN
17.700123,1978,6,CHN
19.701296,1978,7,CHN
18.634556,1978,8,CHN
14.119525,1978,9,CHN
7.1776876,1978,10,CHN
0.11737536,1978,11,CHN
-5.2962365,1978,12,CHN
-7.6320624,1979,1,CHN
-4.261119,1979,2,CHN
0.045943305,1979,3,CHN
7.336119,1979,4,CHN
12.748754,1979,5,CHN
17.319624,1979,6,CHN
18.920307,1979,7,CHN
18.301638,1979,8,CHN
13.1718235,1979,9,CHN
8.120724,1979,10,CHN
-1.4105572,1979,11,CHN
-5.0476785,1979,12,CHN
-8.768328,1980,1,CHN
-6.1217256,1980,2,CHN
-0.20789345,1980,3,CHN
6.9028106,1980,4,CHN
13.1880245,1980,5,CHN
17.432941,1980,6,CHN
19.555351,1980,7,CHN
18.170284,1980,8,CHN
13.601931,1980,9,CHN
7.1965055,1980,10,CHN
1.8717009,1980,11,CHN
-5.921481,1980,12,CHN
-8.570968,1981,1,CHN
-5.195137,1981,2,CHN
1.7393205,1981,3,CHN
8.780547,1981,4,CHN
13.105107,1981,5,CHN
17.551296,1981,6,CHN
20.129229,1981,7,CHN
18.500832,1981,8,CHN
13.879667,1981,9,CHN
6.2100196,1981,10,CHN
-2.1273704,1981,11,CHN
-6.8381233,1981,12,CHN
-6.9283724,1982,1,CHN
-4.85567,1982,2,CHN
0.9981183,1982,3,CHN
7.7258797,1982,4,CHN
13.2929125,1982,5,CHN
16.890615,1982,6,CHN
19.33585,1982,7,CHN
18.681599,1982,8,CHN
13.496384,1982,9,CHN
8.379717,1982,10,CHN
-0.33296674,1982,11,CHN
-6.6905184,1982,12,CHN
-8.187757,1983,1,CHN
-6.4946237,1983,2,CHN
0.5399805,1983,3,CHN
7.3336997,1983,4,CHN
13.285289,1983,5,CHN
16.376564,1983,6,CHN
19.008823,1983,7,CHN
18.765518,1983,8,CHN
14.812366,1983,9,CHN
7.767424,1983,10,CHN
0.45994624,1983,11,CHN
-6.2336755,1983,12,CHN
-9.678177,1984,1,CHN
-7.3073797,1984,2,CHN
0.08030303,1984,3,CHN
7.4233627,1984,4,CHN
13.297262,1984,5,CHN
17.376417,1984,6,CHN
18.996847,1984,7,CHN
18.468939,1984,8,CHN
13.487976,1984,9,CHN
7.1735826,1984,10,CHN
0.12414467,1984,11,CHN
-7.8568916,1984,12,CHN
-8.93387,1985,1,CHN
-5.6616325,1985,2,CHN
-0.8838954,1985,3,CHN
8.258627,1985,4,CHN
13.279814,1985,5,CHN
16.951052,1985,6,CHN
19.17913,1985,7,CHN
19.021336,1985,8,CHN
13.333725,1985,9,CHN
7.78089,1985,10,CHN
-0.811217,1985,11,CHN
-7.0356307,1985,12,CHN
-7.8619013,1986,1,CHN
-5.783431,1986,2,CHN
0.5929619,1986,3,CHN
7.1464562,1986,4,CHN
13.535411,1986,5,CHN
17.481354,1986,6,CHN
19.40628,1986,7,CHN
18.320894,1986,8,CHN
13.850586,1986,9,CHN
6.556745,1986,10,CHN
-1.0315738,1986,11,CHN
-5.8978987,1986,12,CHN
-7.478055,1987,1,CHN
-3.7546678,1987,2,CHN
0.3032747,1987,3,CHN
7.704179,1987,4,CHN
12.659213,1987,5,CHN
16.642033,1987,6,CHN
19.325048,1987,7,CHN
18.5489,1987,8,CHN
14.185141,1987,9,CHN
7.431843,1987,10,CHN
-0.6777615,1987,11,CHN
-5.594159,1987,12,CHN
-6.995846,1988,1,CHN
-6.2218475,1988,2,CHN
-0.845259,1988,3,CHN
7.806672,1988,4,CHN
12.890787,1988,5,CHN
17.743402,1988,6,CHN
19.909481,1988,7,CHN
18.617083,1988,8,CHN
14.435117,1988,9,CHN
7.9051566,1988,10,CHN
0.47565985,1988,11,CHN
-4.770528,1988,12,CHN
-7.8532743,1989,1,CHN
-5.102615,1989,2,CHN
1.025391,1989,3,CHN
7.791715,1989,4,CHN
13.310411,1989,5,CHN
16.838905,1989,6,CHN
19.139637,1989,7,CHN
18.403666,1989,8,CHN
14.127296,1989,9,CHN
8.192864,1989,10,CHN
-0.46282992,1989,11,CHN
-4.900391,1989,12,CHN
-7.9241934,1990,1,CHN
-4.7365594,1990,2,CHN
1.9663246,1990,3,CHN
7.066349,1990,4,CHN
13.155475,1990,5,CHN
17.547434,1990,6,CHN
19.480474,1990,7,CHN
18.75589,1990,8,CHN
14.463417,1990,9,CHN
8.3108015,1990,10,CHN
1.3931329,1990,11,CHN
-5.1015153,1990,12,CHN
-7.8998046,1991,1,CHN
-4.6179376,1991,2,CHN
0.4834555,1991,3,CHN
7.4923997,1991,4,CHN
13.040591,1991,5,CHN
17.507381,1991,6,CHN
19.765615,1991,7,CHN
18.718403,1991,8,CHN
14.240054,1991,9,CHN
7.571945,1991,10,CHN
-0.35982403,1991,11,CHN
-6.284555,1991,12,CHN
-7.4060364,1992,1,CHN
-5.16261,1992,2,CHN
0.63198924,1992,3,CHN
8.660483,1992,4,CHN
13.052591,1992,5,CHN
16.660215,1992,6,CHN
19.03326,1992,7,CHN
18.139957,1992,8,CHN
13.630524,1992,9,CHN
6.708113,1992,10,CHN
-0.98098725,1992,11,CHN
-5.6290565,1992,12,CHN
-8.694502,1993,1,CHN
-3.1551564,1993,2,CHN
1.5353129,1993,3,CHN
7.7130747,1993,4,CHN
12.493817,1993,5,CHN
16.926563,1993,6,CHN
18.940079,1993,7,CHN
17.721603,1993,8,CHN
14.146701,1993,9,CHN
7.1724343,1993,10,CHN
-0.69687194,1993,11,CHN
-6.292693,1993,12,CHN
-7.4398336,1994,1,CHN
-4.8558407,1994,2,CHN
-0.014760507,1994,3,CHN
8.577738,1994,4,CHN
13.879008,1994,5,CHN
17.8163,1994,6,CHN
20.176296,1994,7,CHN
19.28739,1994,8,CHN
14.098778,1994,9,CHN
7.039468,1994,10,CHN
1.7191105,1994,11,CHN
-5.465005,1994,12,CHN
-7.919843,1995,1,CHN
-4.400342,1995,2,CHN
1.1116569,1995,3,CHN
7.267424,1995,4,CHN
13.441984,1995,5,CHN
17.875929,1995,6,CHN
19.42522,1995,7,CHN
18.545357,1995,8,CHN
14.374781,1995,9,CHN
8.29653,1995,10,CHN
0.6998778,1995,11,CHN
-5.831647,1995,12,CHN
-8.292399,1996,1,CHN
-5.3339443,1996,2,CHN
0.46886605,1996,3,CHN
7.0081863,1996,4,CHN
13.308235,1996,5,CHN
17.177982,1996,6,CHN
19.363491,1996,7,CHN
18.333406,1996,8,CHN
14.385997,1996,9,CHN
7.62241,1996,10,CHN
-0.62426686,1996,11,CHN
-5.464736,1996,12,CHN
-7.325122,1997,1,CHN
-4.7072825,1997,2,CHN
2.4954302,1997,3,CHN
8.697849,1997,4,CHN
14.035019,1997,5,CHN
17.508064,1997,6,CHN
20.178911,1997,7,CHN
19.258015,1997,8,CHN
13.567058,1997,9,CHN
7.6079664,1997,10,CHN
-0.336217,1997,11,CHN
-5.7518816,1997,12,CHN
-8.469942,1998,1,CHN
-2.723216,1998,2,CHN
1.2213099,1998,3,CHN
9.843427,1998,4,CHN
13.583284,1998,5,CHN
17.780205,1998,6,CHN
19.961681,1998,7,CHN
18.83722,1998,8,CHN
15.42693,1998,9,CHN
9.125122,1998,10,CHN
1.1005377,1998,11,CHN
-4.3428154,1998,12,CHN
-6.5688415,1999,1,CHN
-2.4946482,1999,2,CHN
0.5180596,1999,3,CHN
8.816422,1999,4,CHN
13.546457,1999,5,CHN
17.836704,1999,6,CHN
20.031744,1999,7,CHN
18.805157,1999,8,CHN
15.076002,1999,9,CHN
8.179936,1999,10,CHN
0.5170332,1999,11,CHN
-5.2021017,1999,12,CHN
-8.483015,2000,1,CHN
-5.838465,2000,2,CHN
1.5108504,2000,3,CHN
8.5058155,2000,4,CHN
14.59003,2000,5,CHN
17.692888,2000,6,CHN
20.595064,2000,7,CHN
19.273485,2000,8,CHN
14.7589445,2000,9,CHN
7.1142225,2000,10,CHN
-1.2268817,2000,11,CHN
-5.474218,2000,12,CHN
-8.010093,2001,1,CHN
-4.517082,2001,2,CHN
1.9422287,2001,3,CHN
8.201515,2001,4,CHN
14.163979,2001,5,CHN
18.24455,2001,6,CHN
20.442522,2001,7,CHN
19.18282,2001,8,CHN
14.755719,2001,9,CHN
8.656085,2001,10,CHN
1.2161046,2001,11,CHN
-6.9406404,2001,12,CHN
-5.757405,2002,1,CHN
-2.213563,2002,2,CHN
3.2890763,2002,3,CHN
8.563881,2002,4,CHN
13.463074,2002,5,CHN
18.248655,2002,6,CHN
20.038418,2002,7,CHN
19.113073,2002,8,CHN
14.184262,2002,9,CHN
7.578421,2002,10,CHN
0.05012219,2002,11,CHN
-6.803959,2002,12,CHN
-7.5652,2003,1,CHN
-3.62935,2003,2,CHN
1.2043011,2003,3,CHN
8.329618,2003,4,CHN
13.216324,2003,5,CHN
17.697042,2003,6,CHN
19.483774,2003,7,CHN
18.676222,2003,8,CHN
14.816226,2003,9,CHN
8.027297,2003,10,CHN
0.097165205,2003,11,CHN
-5.6740713,2003,12,CHN
-6.356256,2004,1,CHN
-3.2544968,2004,2,CHN
2.2423265,2004,3,CHN
9.596725,2004,4,CHN
13.517863,2004,5,CHN
17.9011,2004,6,CHN
19.795284,2004,7,CHN
18.700317,2004,8,CHN
14.731012,2004,9,CHN
7.691569,2004,10,CHN
1.0119257,2004,11,CHN
-5.344428,2004,12,CHN
-7.772752,2005,1,CHN
-6.7236557,2005,2,CHN
1.3781769,2005,3,CHN
9.047312,2005,4,CHN
13.384359,2005,5,CHN
18.54064,2005,6,CHN
20.27104,2005,7,CHN
18.646114,2005,8,CHN
15.465884,2005,9,CHN
8.165982,2005,10,CHN
1.0614859,2005,11,CHN
-7.343108,2005,12,CHN
-7.7613397,2006,1,CHN
-4.040689,2006,2,CHN
1.5017351,2006,3,CHN
8.102248,2006,4,CHN
13.718768,2006,5,CHN
17.799145,2006,6,CHN
20.23734,2006,7,CHN
19.752052,2006,8,CHN
14.542936,2006,9,CHN
9.259628,2006,10,CHN
1.2463588,2006,11,CHN
-5.5569406,2006,12,CHN
-6.777663,2007,1,CHN
-1.883651,2007,2,CHN
1.8206257,2007,3,CHN
8.699413,2007,4,CHN
14.632307,2007,5,CHN
18.22114,2007,6,CHN
19.896774,2007,7,CHN
19.48084,2007,8,CHN
14.83695,2007,9,CHN
7.8420334,2007,10,CHN
0.67580646,2007,11,CHN
-4.7290564,2007,12,CHN
-9.152175,2008,1,CHN
-6.646407,2008,2,CHN
3.6576247,2008,3,CHN
8.864931,2008,4,CHN
14.100611,2008,5,CHN
17.980474,2008,6,CHN
20.051296,2008,7,CHN
18.659678,2008,8,CHN
14.699095,2008,9,CHN
8.544722,2008,10,CHN
0.5915689,2008,11,CHN
-5.198167,2008,12,CHN
-7.3386602,2009,1,CHN
-2.9532013,2009,2,CHN
1.8038368,2009,3,CHN
9.544697,2009,4,CHN
13.809506,2009,5,CHN
17.728664,2009,6,CHN
19.832405,2009,7,CHN
18.820625,2009,8,CHN
14.768085,2009,9,CHN
8.836511,2009,10,CHN
-1.5574781,2009,11,CHN
-6.2959924,2009,12,CHN
-7.490443,2010,1,CHN
-5.071909,2010,2,CHN
0.5350412,2010,3,CHN
6.645377,2010,4,CHN
13.612253,2010,5,CHN
18.120382,2010,6,CHN
20.611696,2010,7,CHN
19.262999,2010,8,CHN
14.68679,2010,9,CHN
7.9018044,2010,10,CHN
1.1024727,2010,11,CHN
-6.1844287,2010,12,CHN
-10.714391,2011,1,CHN
-3.912007,2011,2,CHN
-0.2270439,2011,3,CHN
8.9184675,2011,4,CHN
13.543417,2011,5,CHN
18.18425,2011,6,CHN
20.076252,2011,7,CHN
19.425573,2011,8,CHN
14.242503,2011,9,CHN
8.463199,2011,10,CHN
1.1974828,2011,11,CHN
-6.5211854,2011,12,CHN
-9.743238,2012,1,CHN
-6.3149033,2012,2,CHN
0.66480285,2012,3,CHN
9.148652,2012,4,CHN
14.430697,2012,5,CHN
17.963757,2012,6,CHN
20.07964,2012,7,CHN
19.050388,2012,8,CHN
14.290689,2012,9,CHN
7.4451547,2012,10,CHN
-0.6052573,2012,11,CHN
-7.4197817,2012,12,CHN
16.069447,1901,1,IND
17.94627,1901,2,IND
23.021893,1901,3,IND
26.93424,1901,4,IND
29.083801,1901,5,IND
29.56744,1901,6,IND
27.26648,1901,7,IND
26.102325,1901,8,IND
26.085165,1901,9,IND
24.893906,1901,10,IND
20.548275,1901,11,IND
17.317482,1901,12,IND
17.526623,1902,1,IND
19.108181,1902,2,IND
24.207619,1902,3,IND
27.102163,1902,4,IND
29.484201,1902,5,IND
29.130072,1902,6,IND
27.02959,1902,7,IND
26.775381,1902,8,IND
25.67482,1902,9,IND
24.091259,1902,10,IND
19.996952,1902,11,IND
16.914434,1902,12,IND
16.693985,1903,1,IND
18.109943,1903,2,IND
22.094227,1903,3,IND
26.503849,1903,4,IND
28.897755,1903,5,IND
29.413311,1903,6,IND
27.438894,1903,7,IND
26.100962,1903,8,IND
25.984121,1903,9,IND
24.038652,1903,10,IND
19.4668,1903,11,IND
16.473858,1903,12,IND
16.481796,1904,1,IND
18.64507,1904,2,IND
22.634644,1904,3,IND
27.409061,1904,4,IND
28.731195,1904,5,IND
28.369125,1904,6,IND
26.351965,1904,7,IND
26.060785,1904,8,IND
25.76704,1904,9,IND
24.186687,1904,10,IND
19.770008,1904,11,IND
17.071692,1904,12,IND
15.624619,1905,1,IND
16.5826,1905,2,IND
21.11708,1905,3,IND
25.048595,1905,4,IND
29.291739,1905,5,IND
29.749079,1905,6,IND
27.077305,1905,7,IND
26.41636,1905,8,IND
25.995188,1905,9,IND
24.457659,1905,10,IND
20.901043,1905,11,IND
16.932398,1905,12,IND
16.172815,1906,1,IND
17.829271,1906,2,IND
21.746271,1906,3,IND
27.106014,1906,4,IND
30.18011,1906,5,IND
28.480274,1906,6,IND
26.94186,1906,7,IND
26.044586,1906,8,IND
25.697033,1906,9,IND
24.274418,1906,10,IND
20.85886,1906,11,IND
17.763994,1906,12,IND
17.666882,1907,1,IND
18.007298,1907,2,IND
21.556055,1907,3,IND
25.445229,1907,4,IND
28.309544,1907,5,IND
28.536648,1907,6,IND
27.492863,1907,7,IND
25.597433,1907,8,IND
26.083319,1907,9,IND
24.632158,1907,10,IND
20.904812,1907,11,IND
16.651724,1907,12,IND
16.363913,1908,1,IND
18.646914,1908,2,IND
22.551804,1908,3,IND
27.989014,1908,4,IND
29.270168,1908,5,IND
29.409784,1908,6,IND
26.326061,1908,7,IND
25.597996,1908,8,IND
25.610504,1908,9,IND
24.073215,1908,10,IND
19.759102,1908,11,IND
16.327587,1908,12,IND
16.735044,1909,1,IND
18.332237,1909,2,IND
23.563593,1909,3,IND
25.79623,1909,4,IND
28.91219,1909,5,IND
27.838812,1909,6,IND
26.059902,1909,7,IND
25.818283,1909,8,IND
25.426464,1909,9,IND
24.177946,1909,10,IND
20.996952,1909,11,IND
17.281395,1909,12,IND
16.61179,1910,1,IND
18.579151,1910,2,IND
22.888693,1910,3,IND
26.726786,1910,4,IND
29.263031,1910,5,IND
28.0664,1910,6,IND
26.410587,1910,7,IND
25.944265,1910,8,IND
25.697193,1910,9,IND
23.61604,1910,10,IND
19.14996,1910,11,IND
16.331997,1910,12,IND
17.387169,1911,1,IND
18.269285,1911,2,IND
21.756777,1911,3,IND
26.759262,1911,4,IND
29.824299,1911,5,IND
28.20866,1911,6,IND
27.602808,1911,7,IND
26.240417,1911,8,IND
25.744507,1911,9,IND
24.340418,1911,10,IND
19.943785,1911,11,IND
17.072012,1911,12,IND
17.025661,1912,1,IND
19.602406,1912,2,IND
22.87907,1912,3,IND
26.733683,1912,4,IND
29.510025,1912,5,IND
29.726141,1912,6,IND
26.907938,1912,7,IND
25.929352,1912,8,IND
25.57458,1912,9,IND
24.197754,1912,10,IND
19.652525,1912,11,IND
16.637691,1912,12,IND
16.569607,1913,1,IND
18.767681,1913,2,IND
21.65806,1913,3,IND
27.578909,1913,4,IND
28.508099,1913,5,IND
27.634161,1913,6,IND
26.563272,1913,7,IND
26.180353,1913,8,IND
26.095348,1913,9,IND
24.389256,1913,10,IND
19.880112,1913,11,IND
16.990297,1913,12,IND
17.374258,1914,1,IND
18.756855,1914,2,IND
22.47057,1914,3,IND
26.20345,1914,4,IND
29.185324,1914,5,IND
28.614756,1914,6,IND
26.557499,1914,7,IND
25.920208,1914,8,IND
25.877544,1914,9,IND
23.67931,1914,10,IND
20.722454,1914,11,IND
17.124138,1914,12,IND
16.840816,1915,1,IND
18.110584,1915,2,IND
22.568645,1915,3,IND
26.787008,1915,4,IND
29.892782,1915,5,IND
29.330072,1915,6,IND
27.450039,1915,7,IND
26.513153,1915,8,IND
26.352365,1915,9,IND
25.325823,1915,10,IND
21.32951,1915,11,IND
17.117962,1915,12,IND
16.95838,1916,1,IND
18.473616,1916,2,IND
24.351404,1916,3,IND
27.576746,1916,4,IND
29.48797,1916,5,IND
27.657578,1916,6,IND
26.792301,1916,7,IND
26.077785,1916,8,IND
25.818203,1916,9,IND
24.11604,1916,10,IND
19.802166,1916,11,IND
16.252926,1916,12,IND
16.605133,1917,1,IND
18.552446,1917,2,IND
22.131275,1917,3,IND
25.43665,1917,4,IND
27.803207,1917,5,IND
27.603048,1917,6,IND
26.47987,1917,7,IND
25.969288,1917,8,IND
25.193264,1917,9,IND
23.51267,1917,10,IND
19.514114,1917,11,IND
16.684362,1917,12,IND
15.704892,1918,1,IND
18.641539,1918,2,IND
22.710424,1918,3,IND
25.759182,1918,4,IND
29.127026,1918,5,IND
27.659424,1918,6,IND
27.787891,1918,7,IND
26.40746,1918,8,IND
26.118042,1918,9,IND
24.553808,1918,10,IND
20.759743,1918,11,IND
16.744347,1918,12,IND
17.14507,1919,1,IND
18.419327,1919,2,IND
23.2,1919,3,IND
26.516598,1919,4,IND
28.980433,1919,5,IND
28.641378,1919,6,IND
26.638813,1919,7,IND
26.14619,1919,8,IND
25.642422,1919,9,IND
24.01243,1919,10,IND
20.508661,1919,11,IND
16.871933,1919,12,IND
17.110584,1920,1,IND
18.334723,1920,2,IND
22.865917,1920,3,IND
26.568485,1920,4,IND
27.934162,1920,5,IND
28.586288,1920,6,IND
26.764957,1920,7,IND
26.220928,1920,8,IND
26.435205,1920,9,IND
25.02895,1920,10,IND
20.939615,1920,11,IND
17.32935,1920,12,IND
17.391098,1921,1,IND
18.33697,1921,2,IND
24.52927,1921,3,IND
28.022614,1921,4,IND
30.736729,1921,5,IND
28.742422,1921,6,IND
27.31251,1921,7,IND
25.933279,1921,8,IND
25.482117,1921,9,IND
23.525822,1921,10,IND
19.759262,1921,11,IND
17.634243,1921,12,IND
16.668804,1922,1,IND
19.40762,1922,2,IND
23.870892,1922,3,IND
27.709301,1922,4,IND
29.735525,1922,5,IND
28.390377,1922,6,IND
26.761908,1922,7,IND
26.110346,1922,8,IND
25.59166,1922,9,IND
23.744026,1922,10,IND
20.306335,1922,11,IND
16.5668,1922,12,IND
16.751724,1923,1,IND
18.143063,1923,2,IND
23.20818,1923,3,IND
27.409704,1923,4,IND
29.147394,1923,5,IND
30.201202,1923,6,IND
26.641861,1923,7,IND
25.96247,1923,8,IND
25.80305,1923,9,IND
23.683239,1923,10,IND
20.243866,1923,11,IND
17.482117,1923,12,IND
16.711868,1924,1,IND
19.122133,1924,2,IND
24.368965,1924,3,IND
27.953247,1924,4,IND
28.751083,1924,5,IND
29.987171,1924,6,IND
27.036327,1924,7,IND
26.294546,1924,8,IND
25.38324,1924,9,IND
24.055252,1924,10,IND
19.799118,1924,11,IND
17.186687,1924,12,IND
15.607297,1925,1,IND
17.646511,1925,2,IND
23.318363,1925,3,IND
27.898556,1925,4,IND
28.534565,1925,5,IND
27.864635,1925,6,IND
26.196712,1925,7,IND
26.298237,1925,8,IND
26.10818,1925,9,IND
24.485165,1925,10,IND
20.2332,1925,11,IND
16.956295,1925,12,IND
17.125982,1926,1,IND
19.75469,1926,2,IND
22.549719,1926,3,IND
25.394146,1926,4,IND
28.479471,1926,5,IND
30.331594,1926,6,IND
27.295507,1926,7,IND
26.247074,1926,8,IND
25.739054,1926,9,IND
24.01724,1926,10,IND
19.21644,1926,11,IND
17.141861,1926,12,IND
16.52855,1927,1,IND
18.21307,1927,2,IND
22.402727,1927,3,IND
26.963755,1927,4,IND
28.881556,1927,5,IND
28.831274,1927,6,IND
26.650843,1927,7,IND
25.929672,1927,8,IND
25.942984,1927,9,IND
24.30842,1927,10,IND
19.655973,1927,11,IND
17.666882,1927,12,IND
16.835926,1928,1,IND
19.077387,1928,2,IND
23.235846,1928,3,IND
27.046753,1928,4,IND
29.968563,1928,5,IND
28.677866,1928,6,IND
26.778667,1928,7,IND
26.534643,1928,8,IND
26.10401,1928,9,IND
24.564396,1928,10,IND
20.580833,1928,11,IND
17.19952,1928,12,IND
16.661907,1929,1,IND
17.939295,1929,2,IND
23.897755,1929,3,IND
27.061829,1929,4,IND
29.90802,1929,5,IND
28.722214,1929,6,IND
26.72887,1929,7,IND
25.948675,1929,8,IND
26.190456,1929,9,IND
23.910986,1929,10,IND
20.494547,1929,11,IND
16.718925,1929,12,IND
16.217001,1930,1,IND
18.13296,1930,2,IND
23.355974,1930,3,IND
26.667202,1930,4,IND
29.229351,1930,5,IND
28.677866,1930,6,IND
26.450602,1930,7,IND
26.076664,1930,8,IND
26.148596,1930,9,IND
24.413954,1930,10,IND
19.87081,1930,11,IND
17.297754,1930,12,IND
17.59599,1931,1,IND
18.41644,1931,2,IND
22.841219,1931,3,IND
28.05397,1931,4,IND
29.568563,1931,5,IND
29.71171,1931,6,IND
26.851887,1931,7,IND
26.620691,1931,8,IND
25.765598,1931,9,IND
24.15846,1931,10,IND
20.092302,1931,11,IND
17.41676,1931,12,IND
17.388933,1932,1,IND
18.010023,1932,2,IND
23.156134,1932,3,IND
27.103527,1932,4,IND
28.919407,1932,5,IND
29.341457,1932,6,IND
26.82069,1932,7,IND
26.19222,1932,8,IND
26.076344,1932,9,IND
24.69599,1932,10,IND
20.605934,1932,11,IND
17.165277,1932,12,IND
16.085726,1933,1,IND
19.26624,1933,2,IND
23.163593,1933,3,IND
26.045551,1933,4,IND
27.898556,1933,5,IND
28.068485,1933,6,IND
26.702005,1933,7,IND
25.741138,1933,8,IND
25.53304,1933,9,IND
24,1933,10,IND
20.416279,1933,11,IND
17.373857,1933,12,IND
15.883481,1934,1,IND
19.186607,1934,2,IND
22.59952,1934,3,IND
27.236729,1934,4,IND
29.279713,1934,5,IND
28.569286,1934,6,IND
26.67554,1934,7,IND
25.958622,1934,8,IND
26.033442,1934,9,IND
23.817322,1934,10,IND
19.681877,1934,11,IND
17.277466,1934,12,IND
15.774178,1935,1,IND
18.870089,1935,2,IND
23.122293,1935,3,IND
25.486607,1935,4,IND
29.985485,1935,5,IND
29.386847,1935,6,IND
26.623495,1935,7,IND
25.837772,1935,8,IND
25.510666,1935,9,IND
24.182838,1935,10,IND
20.299519,1935,11,IND
17.253328,1935,12,IND
16.503448,1936,1,IND
18.649158,1936,2,IND
22.84988,1936,3,IND
26.769367,1936,4,IND
29.82486,1936,5,IND
27.375061,1936,6,IND
26.563833,1936,7,IND
26.079391,1936,8,IND
25.979391,1936,9,IND
24.18765,1936,10,IND
20.807217,1936,11,IND
17.265598,1936,12,IND
15.995669,1937,1,IND
19.038412,1937,2,IND
22.417002,1937,3,IND
26.053247,1937,4,IND
29.19134,1937,5,IND
29.128147,1937,6,IND
26.569126,1937,7,IND
26.368647,1937,8,IND
26.085245,1937,9,IND
23.751163,1937,10,IND
20.172733,1937,11,IND
16.63368,1937,12,IND
17.1332,1938,1,IND
17.809864,1938,2,IND
24.018764,1938,3,IND
27.753408,1938,4,IND
29.668003,1938,5,IND
27.323496,1938,6,IND
26.517721,1938,7,IND
26.320047,1938,8,IND
26.17538,1938,9,IND
24.31243,1938,10,IND
19.357899,1938,11,IND
17.144909,1938,12,IND
17.234161,1939,1,IND
18.946032,1939,2,IND
21.857658,1939,3,IND
26.517563,1939,4,IND
29.801044,1939,5,IND
28.546833,1939,6,IND
26.59968,1939,7,IND
26.518524,1939,8,IND
25.929028,1939,9,IND
24.563913,1939,10,IND
20.13729,1939,11,IND
17.414114,1939,12,IND
16.571371,1940,1,IND
18.832077,1940,2,IND
21.75405,1940,3,IND
26.517643,1940,4,IND
29.372253,1940,5,IND
28.92117,1940,6,IND
26.741861,1940,7,IND
26.0336,1940,8,IND
25.916199,1940,9,IND
24.594788,1940,10,IND
21.131035,1940,11,IND
17.35028,1940,12,IND
16.801043,1941,1,IND
19.46696,1941,2,IND
24.53336,1941,3,IND
28.464153,1941,4,IND
30.024939,1941,5,IND
28.692621,1941,6,IND
27.296473,1941,7,IND
26.808498,1941,8,IND
26.29655,1941,9,IND
25.197033,1941,10,IND
20.526705,1941,11,IND
18.336327,1941,12,IND
16.585566,1942,1,IND
19.207458,1942,2,IND
23.945148,1942,3,IND
27.621893,1942,4,IND
29.94202,1942,5,IND
29.61716,1942,6,IND
26.532879,1942,7,IND
25.975943,1942,8,IND
25.627264,1942,9,IND
24.277306,1942,10,IND
20.747313,1942,11,IND
17.11684,1942,12,IND
17.361267,1943,1,IND
18.345709,1943,2,IND
23.450039,1943,3,IND
26.072012,1943,4,IND
29.307617,1943,5,IND
28.28725,1943,6,IND
26.569286,1943,7,IND
25.786205,1943,8,IND
25.915075,1943,9,IND
24.015718,1943,10,IND
20.924297,1943,11,IND
17.45469,1943,12,IND
16.582438,1944,1,IND
18.246191,1944,2,IND
22.2506,1944,3,IND
26.01716,1944,4,IND
30.132156,1944,5,IND
28.93657,1944,6,IND
26.621012,1944,7,IND
26.284763,1944,8,IND
25.865519,1944,9,IND
24.052044,1944,10,IND
20.502085,1944,11,IND
17.95373,1944,12,IND
15.780111,1945,1,IND
18.10465,1945,2,IND
23.370169,1945,3,IND
26.063755,1945,4,IND
29.20465,1945,5,IND
29.23288,1945,6,IND
26.679392,1945,7,IND
26.424297,1945,8,IND
25.871933,1945,9,IND
23.788052,1945,10,IND
19.87145,1945,11,IND
16.272734,1945,12,IND
16.922215,1946,1,IND
19.788132,1946,2,IND
23.189415,1946,3,IND
27.176342,1946,4,IND
29.14563,1946,5,IND
28.342422,1946,6,IND
26.680353,1946,7,IND
26.19575,1946,8,IND
26.039776,1946,9,IND
24.639214,1946,10,IND
20.532478,1946,11,IND
17.750523,1946,12,IND
16.598797,1947,1,IND
18.9668,1947,2,IND
23.756374,1947,3,IND
27.75774,1947,4,IND
29.963032,1947,5,IND
29.652685,1947,6,IND
26.975702,1947,7,IND
26.66985,1947,8,IND
25.773777,1947,9,IND
23.433521,1947,10,IND
20.676342,1947,11,IND
17.525822,1947,12,IND
17.053648,1948,1,IND
18.717564,1948,2,IND
22.689976,1948,3,IND
27.67009,1948,4,IND
29.938654,1948,5,IND
29.293827,1948,6,IND
26.938654,1948,7,IND
26.09166,1948,8,IND
25.889734,1948,9,IND
24.576584,1948,10,IND
20.639774,1948,11,IND
16.767443,1948,12,IND
17.511307,1949,1,IND
18.60361,1949,2,IND
23.538572,1949,3,IND
27.181234,1949,4,IND
29.235363,1949,5,IND
28.661026,1949,6,IND
26.72959,1949,7,IND
26.298237,1949,8,IND
26.085083,1949,9,IND
24.465918,1949,10,IND
19.540337,1949,11,IND
16.571371,1949,12,IND
17.097593,1950,1,IND
17.853489,1950,2,IND
22.388372,1950,3,IND
26.682598,1950,4,IND
29.585644,1950,5,IND
28.753887,1950,6,IND
26.442423,1950,7,IND
26.149319,1950,8,IND
25.645147,1950,9,IND
23.891178,1950,10,IND
19.634243,1950,11,IND
16.615236,1950,12,IND
16.128468,1951,1,IND
18.493023,1951,2,IND
23.10401,1951,3,IND
25.95365,1951,4,IND
29.209705,1951,5,IND
28.714996,1951,6,IND
27.27177,1951,7,IND
26.427586,1951,8,IND
26.42927,1951,9,IND
25.725742,1951,10,IND
21.276424,1951,11,IND
17.47113,1951,12,IND
17.409624,1952,1,IND
20.102005,1952,2,IND
22.780434,1952,3,IND
27.66239,1952,4,IND
29.679392,1952,5,IND
28.955975,1952,6,IND
26.945068,1952,7,IND
25.950281,1952,8,IND
26.102005,1952,9,IND
24.585405,1952,10,IND
20.169527,1952,11,IND
17.76672,1952,12,IND
16.462872,1953,1,IND
20.226063,1953,2,IND
25.195349,1953,3,IND
27.56608,1953,4,IND
30.142984,1953,5,IND
29.523737,1953,6,IND
26.932638,1953,7,IND
26.12173,1953,8,IND
26.011627,1953,9,IND
24.266079,1953,10,IND
20.188694,1953,11,IND
18.206335,1953,12,IND
16.047794,1954,1,IND
19.847713,1954,2,IND
23.431114,1954,3,IND
27.919006,1954,4,IND
30.234003,1954,5,IND
28.990137,1954,6,IND
26.777225,1954,7,IND
26.410587,1954,8,IND
25.689175,1954,9,IND
23.070408,1954,10,IND
19.782919,1954,11,IND
17.257978,1954,12,IND
16.806656,1955,1,IND
19.4174,1955,2,IND
24.31307,1955,3,IND
26.209864,1955,4,IND
28.884363,1955,5,IND
28.852926,1955,6,IND
26.822292,1955,7,IND
25.89559,1955,8,IND
25.8591,1955,9,IND
23.893745,1955,10,IND
19.719326,1955,11,IND
17.097754,1955,12,IND
16.757578,1956,1,IND
18.654612,1956,2,IND
23.70361,1956,3,IND
27.741459,1956,4,IND
29.850842,1956,5,IND
27.840418,1956,6,IND
25.903128,1956,7,IND
25.822052,1956,8,IND
25.821651,1956,9,IND
23.635525,1956,10,IND
19.982998,1956,11,IND
17.398716,1956,12,IND
16.72887,1957,1,IND
17.944105,1957,2,IND
22.156616,1957,3,IND
26.46648,1957,4,IND
28.970648,1957,5,IND
28.965357,1957,6,IND
26.852528,1957,7,IND
26.27153,1957,8,IND
25.891338,1957,9,IND
24.461025,1957,10,IND
21.043945,1957,11,IND
18.061749,1957,12,IND
18.027506,1958,1,IND
19.347795,1958,2,IND
23.926704,1958,3,IND
28.161749,1958,4,IND
29.70441,1958,5,IND
30.166239,1958,6,IND
26.88324,1958,7,IND
26.443705,1958,8,IND
25.843304,1958,9,IND
24.32454,1958,10,IND
21.023977,1958,11,IND
18.032478,1958,12,IND
17.02855,1959,1,IND
18.695349,1959,2,IND
23.754772,1959,3,IND
27.561026,1959,4,IND
29.535044,1959,5,IND
28.94555,1959,6,IND
26.39062,1959,7,IND
26.044989,1959,8,IND
25.753168,1959,9,IND
24.631916,1959,10,IND
20.40064,1959,11,IND
17.717642,1959,12,IND
16.644667,1960,1,IND
20.322214,1960,2,IND
22.55413,1960,3,IND
26.965435,1960,4,IND
29.476904,1960,5,IND
29.130392,1960,6,IND
26.802725,1960,7,IND
26.337688,1960,8,IND
26.205133,1960,9,IND
24.223095,1960,10,IND
20.0421,1960,11,IND
17.882359,1960,12,IND
17.300562,1961,1,IND
17.780994,1961,2,IND
24.024298,1961,3,IND
27.232798,1961,4,IND
29.268244,1961,5,IND
28.323416,1961,6,IND
26.467762,1961,7,IND
26.278269,1961,8,IND
25.723898,1961,9,IND
23.784042,1961,10,IND
19.72887,1961,11,IND
16.003689,1961,12,IND
15.684523,1962,1,IND
19.003769,1962,2,IND
22.936247,1962,3,IND
27.025822,1962,4,IND
29.09599,1962,5,IND
29.039133,1962,6,IND
27.131596,1962,7,IND
26.141861,1962,8,IND
25.64162,1962,9,IND
23.711948,1962,10,IND
20.276503,1962,11,IND
17.215878,1962,12,IND
16.193184,1963,1,IND
19.597195,1963,2,IND
22.877546,1963,3,IND
26.20401,1963,4,IND
28.621012,1963,5,IND
28.545551,1963,6,IND
27.163754,1963,7,IND
26.12847,1963,8,IND
25.875622,1963,9,IND
24.610264,1963,10,IND
21.235605,1963,11,IND
17.627106,1963,12,IND
16.110264,1964,1,IND
19.014595,1964,2,IND
24.24611,1964,3,IND
27.736486,1964,4,IND
28.948034,1964,5,IND
28.712671,1964,6,IND
26.311789,1964,7,IND
26.105854,1964,8,IND
25.703608,1964,9,IND
24.489254,1964,10,IND
19.965597,1964,11,IND
17.135685,1964,12,IND
17.489817,1965,1,IND
18.798315,1965,2,IND
22.492622,1965,3,IND
26.060307,1965,4,IND
29.100163,1965,5,IND
29.389093,1965,6,IND
26.805775,1965,7,IND
26.201365,1965,8,IND
25.85846,1965,9,IND
24.838652,1965,10,IND
21.168404,1965,11,IND
17.465197,1965,12,IND
17.2421,1966,1,IND
20.439213,1966,2,IND
23.33737,1966,3,IND
27.279633,1966,4,IND
29.501764,1966,5,IND
28.81171,1966,6,IND
27.521652,1966,7,IND
26.35445,1966,8,IND
25.83753,1966,9,IND
24.51211,1966,10,IND
21.16231,1966,11,IND
17.028149,1966,12,IND
16.327106,1967,1,IND
19.880352,1967,2,IND
22.293423,1967,3,IND
26.445148,1967,4,IND
29.215397,1967,5,IND
29.041138,1967,6,IND
26.880112,1967,7,IND
25.886206,1967,8,IND
25.62085,1967,9,IND
23.935846,1967,10,IND
20.202166,1967,11,IND
17.964634,1967,12,IND
15.961908,1968,1,IND
17.85854,1968,2,IND
22.842583,1968,3,IND
26.364796,1968,4,IND
28.822775,1968,5,IND
28.83312,1968,6,IND
26.835846,1968,7,IND
26.244024,1968,8,IND
26.473776,1968,9,IND
23.960224,1968,10,IND
20.615156,1968,11,IND
17.625422,1968,12,IND
16.653088,1969,1,IND
19.49936,1969,2,IND
24.850681,1969,3,IND
27.550442,1969,4,IND
28.93665,1969,5,IND
29.31339,1969,6,IND
26.953808,1969,7,IND
26.195108,1969,8,IND
25.828548,1969,9,IND
24.682678,1969,10,IND
21.63729,1969,11,IND
17.681395,1969,12,IND
17.040657,1970,1,IND
19.04186,1970,2,IND
23.093906,1970,3,IND
27.798477,1970,4,IND
29.855814,1970,5,IND
27.918524,1970,6,IND
26.951405,1970,7,IND
26.181477,1970,8,IND
25.806976,1970,9,IND
24.542341,1970,10,IND
19.913631,1970,11,IND
16.792864,1970,12,IND
16.388773,1971,1,IND
18.746271,1971,2,IND
22.83288,1971,3,IND
27.069366,1971,4,IND
28.260223,1971,5,IND
27.319326,1971,6,IND
26.29182,1971,7,IND
25.772253,1971,8,IND
25.857738,1971,9,IND
24.00056,1971,10,IND
19.803608,1971,11,IND
16.934402,1971,12,IND
16.7255,1972,1,IND
17.394707,1972,2,IND
23.480434,1972,3,IND
26.614594,1972,4,IND
29.658459,1972,5,IND
29.768085,1972,6,IND
27.32991,1972,7,IND
26.357336,1972,8,IND
25.931997,1972,9,IND
24.224539,1972,10,IND
20.596712,1972,11,IND
17.9502,1972,12,IND
17.019728,1973,1,IND
20.021973,1973,2,IND
23.196873,1973,3,IND
28.556055,1973,4,IND
30.023579,1973,5,IND
29.00008,1973,6,IND
26.938812,1973,7,IND
25.94627,1973,8,IND
25.852444,1973,9,IND
24.09222,1973,10,IND
20.106897,1973,11,IND
16.757818,1973,12,IND
16.176342,1974,1,IND
18.282919,1974,2,IND
24.005774,1974,3,IND
27.895187,1974,4,IND
28.960144,1974,5,IND
28.681076,1974,6,IND
26.956615,1974,7,IND
26.403448,1974,8,IND
26.287891,1974,9,IND
24.69118,1974,10,IND
20.077785,1974,11,IND
16.32542,1974,12,IND
15.881716,1975,1,IND
18.591259,1975,2,IND
22.893826,1975,3,IND
27.506094,1975,4,IND
29.66608,1975,5,IND
28.28829,1975,6,IND
26.204971,1975,7,IND
26.061346,1975,8,IND
25.409061,1975,9,IND
24.58733,1975,10,IND
19.451405,1975,11,IND
16.659985,1975,12,IND
16.577145,1976,1,IND
18.956375,1976,2,IND
23.304811,1976,3,IND
26.61203,1976,4,IND
29.038895,1976,5,IND
28.293507,1976,6,IND
26.873377,1976,7,IND
25.681314,1976,8,IND
25.566158,1976,9,IND
24.731356,1976,10,IND
21.948597,1976,11,IND
17.811949,1976,12,IND
16.576424,1977,1,IND
19.34996,1977,2,IND
24.638012,1977,3,IND
27.00738,1977,4,IND
28.1255,1977,5,IND
28.426382,1977,6,IND
26.593744,1977,7,IND
26.169367,1977,8,IND
25.815237,1977,9,IND
24.534723,1977,10,IND
22.021492,1977,11,IND
17.573616,1977,12,IND
16.121973,1978,1,IND
18.476503,1978,2,IND
22.08741,1978,3,IND
27.074337,1978,4,IND
30.146912,1978,5,IND
28.605133,1978,6,IND
26.260544,1978,7,IND
25.986609,1978,8,IND
25.707138,1978,9,IND
24.629911,1978,10,IND
21.317322,1978,11,IND
17.588694,1978,12,IND
17.330793,1979,1,IND
18.331274,1979,2,IND
22.481236,1979,3,IND
27.709223,1979,4,IND
28.90842,1979,5,IND
29.52013,1979,6,IND
27.35405,1979,7,IND
26.517002,1979,8,IND
26.323338,1979,9,IND
25.01227,1979,10,IND
22.223497,1979,11,IND
18.188374,1979,12,IND
17.122053,1980,1,IND
19.760386,1980,2,IND
23.274017,1980,3,IND
28.272573,1980,4,IND
30.21251,1980,5,IND
28.341137,1980,6,IND
26.73328,1980,7,IND
26.196793,1980,8,IND
26.326786,1980,9,IND
24.752045,1980,10,IND
21.161509,1980,11,IND
17.775621,1980,12,IND
16.676905,1981,1,IND
19.55782,1981,2,IND
22.864073,1981,3,IND
27.219889,1981,4,IND
29.210907,1981,5,IND
29.310345,1981,6,IND
26.77514,1981,7,IND
26.198877,1981,8,IND
26.255814,1981,9,IND
24.469608,1981,10,IND
20.03352,1981,11,IND
17.231676,1981,12,IND
17.489735,1982,1,IND
18.70914,1982,2,IND
22.159824,1982,3,IND
26.592062,1982,4,IND
28.472254,1982,5,IND
28.810104,1982,6,IND
27.7591,1982,7,IND
26.338974,1982,8,IND
26.14964,1982,9,IND
24.869286,1982,10,IND
20.869205,1982,11,IND
17.868244,1982,12,IND
16.524137,1983,1,IND
18.584362,1983,2,IND
22.85421,1983,3,IND
26.003208,1983,4,IND
28.815317,1983,5,IND
29.30874,1983,6,IND
27.306818,1983,7,IND
26.488934,1983,8,IND
26.159342,1983,9,IND
24.0421,1983,10,IND
19.886768,1983,11,IND
17.178349,1983,12,IND
16.643703,1984,1,IND
18.01227,1984,2,IND
24.047474,1984,3,IND
27.454212,1984,4,IND
30.338333,1984,5,IND
28.7336,1984,6,IND
26.475382,1984,7,IND
26.08717,1984,8,IND
25.340816,1984,9,IND
24.278667,1984,10,IND
19.996872,1984,11,IND
17.873938,1984,12,IND
17.151884,1985,1,IND
19.317802,1985,2,IND
24.830633,1985,3,IND
27.667362,1985,4,IND
29.690536,1985,5,IND
28.681156,1985,6,IND
26.470972,1985,7,IND
26.306255,1985,8,IND
26.129353,1985,9,IND
23.688694,1985,10,IND
20.57065,1985,11,IND
18.33729,1985,12,IND
16.75012,1986,1,IND
18.970089,1986,2,IND
23.325663,1986,3,IND
27.213633,1986,4,IND
28.862228,1986,5,IND
28.793665,1986,6,IND
26.682678,1986,7,IND
26.038895,1986,8,IND
26.219166,1986,9,IND
24.42494,1986,10,IND
21.278027,1986,11,IND
17.35381,1986,12,IND
17.082277,1987,1,IND
19.673857,1987,2,IND
23.477867,1987,3,IND
27.531116,1987,4,IND
28.464794,1987,5,IND
29.7085,1987,6,IND
27.806255,1987,7,IND
27.002325,1987,8,IND
26.925903,1987,9,IND
25.022053,1987,10,IND
21.437208,1987,11,IND
17.936007,1987,12,IND
18.018044,1988,1,IND
20.32069,1988,2,IND
23.555332,1988,3,IND
27.9004,1988,4,IND
30.314676,1988,5,IND
28.991098,1988,6,IND
26.784122,1988,7,IND
26.356537,1988,8,IND
26.493103,1988,9,IND
24.432478,1988,10,IND
20.773697,1988,11,IND
18.159582,1988,12,IND
16.328548,1989,1,IND
18.803047,1989,2,IND
22.943945,1989,3,IND
26.98019,1989,4,IND
29.705694,1989,5,IND
28.123978,1989,6,IND
26.756695,1989,7,IND
26.16271,1989,8,IND
26.107056,1989,9,IND
24.660706,1989,10,IND
21.010426,1989,11,IND
17.373056,1989,12,IND
18.166882,1990,1,IND
19.394547,1990,2,IND
22.37498,1990,3,IND
27.075302,1990,4,IND
28.67546,1990,5,IND
28.472574,1990,6,IND
26.467361,1990,7,IND
26.35381,1990,8,IND
26.08324,1990,9,IND
24.048517,1990,10,IND
21.37891,1990,11,IND
17.913713,1990,12,IND
16.416119,1991,1,IND
19.70802,1991,2,IND
23.792864,1991,3,IND
26.856537,1991,4,IND
29.615076,1991,5,IND
28.53424,1991,6,IND
27.386768,1991,7,IND
26.130314,1991,8,IND
26.205774,1991,9,IND
24.326303,1991,10,IND
20.560627,1991,11,IND
17.455334,1991,12,IND
16.63336,1992,1,IND
18.12943,1992,2,IND
23.556133,1992,3,IND
27.111065,1992,4,IND
28.923817,1992,5,IND
29.315958,1992,6,IND
27.318043,1992,7,IND
26.103527,1992,8,IND
25.725983,1992,9,IND
24.3834,1992,10,IND
20.898476,1992,11,IND
17.593906,1992,12,IND
17.078588,1993,1,IND
19.868565,1993,2,IND
22.357418,1993,3,IND
26.82109,1993,4,IND
29.594467,1993,5,IND
29.457739,1993,6,IND
27.032719,1993,7,IND
26.590057,1993,8,IND
25.947315,1993,9,IND
24.811789,1993,10,IND
21.27466,1993,11,IND
17.705212,1993,12,IND
17.704811,1994,1,IND
18.893263,1994,2,IND
24.422613,1994,3,IND
26.586767,1994,4,IND
29.891338,1994,5,IND
28.745708,1994,6,IND
26.380915,1994,7,IND
26.16985,1994,8,IND
26.057257,1994,9,IND
24.338814,1994,10,IND
20.848356,1994,11,IND
17.491741,1994,12,IND
15.860225,1995,1,IND
19.323576,1995,2,IND
22.833439,1995,3,IND
26.855413,1995,4,IND
29.415155,1995,5,IND
30.152044,1995,6,IND
27.24226,1995,7,IND
26.571293,1995,8,IND
26.285645,1995,9,IND
25.069206,1995,10,IND
21.044025,1995,11,IND
18.19599,1995,12,IND
17.539455,1996,1,IND
19.70385,1996,2,IND
24.479952,1996,3,IND
27.17049,1996,4,IND
29.643383,1996,5,IND
29.032156,1996,6,IND
27.101843,1996,7,IND
25.902487,1996,8,IND
26.321253,1996,9,IND
24.223175,1996,10,IND
20.73801,1996,11,IND
17.477707,1996,12,IND
16.444105,1997,1,IND
18.561588,1997,2,IND
23.5247,1997,3,IND
25.914997,1997,4,IND
28.60072,1997,5,IND
28.627026,1997,6,IND
27.386929,1997,7,IND
26.385244,1997,8,IND
26.10465,1997,9,IND
23.966398,1997,10,IND
21.392462,1997,11,IND
17.6749,1997,12,IND
17.16231,1998,1,IND
19.634403,1998,2,IND
22.79118,1998,3,IND
27.700562,1998,4,IND
30.299038,1998,5,IND
29.834482,1998,6,IND
27.3077,1998,7,IND
26.850521,1998,8,IND
26.506495,1998,9,IND
25.30834,1998,10,IND
21.696873,1998,11,IND
17.873537,1998,12,IND
16.638172,1999,1,IND
20.35886,1999,2,IND
24.259502,1999,3,IND
28.325903,1999,4,IND
29.060785,1999,5,IND
28.461828,1999,6,IND
26.980032,1999,7,IND
26.448355,1999,8,IND
26.317804,1999,9,IND
24.95886,1999,10,IND
21.684042,1999,11,IND
18.063993,1999,12,IND
17.696793,2000,1,IND
18.665758,2000,2,IND
22.991179,2000,3,IND
28.2409,2000,4,IND
29.310825,2000,5,IND
28.251001,2000,6,IND
26.841059,2000,7,IND
26.663992,2000,8,IND
26.228388,2000,9,IND
25.577145,2000,10,IND
21.793184,2000,11,IND
18.035366,2000,12,IND
17.090055,2001,1,IND
20.039295,2001,2,IND
23.792542,2001,3,IND
27.223898,2001,4,IND
29.59599,2001,5,IND
27.982197,2001,6,IND
26.794708,2001,7,IND
26.63769,2001,8,IND
26.898556,2001,9,IND
25.268805,2001,10,IND
21.93681,2001,11,IND
18.384441,2001,12,IND
17.238253,2002,1,IND
19.73769,2002,2,IND
24.300562,2002,3,IND
28.07819,2002,4,IND
30.29607,2002,5,IND
29.14539,2002,6,IND
27.91676,2002,7,IND
26.503448,2002,8,IND
26.088694,2002,9,IND
25.265356,2002,10,IND
21.492222,2002,11,IND
18.66287,2002,12,IND
17.275381,2003,1,IND
19.940657,2003,2,IND
23.279873,2003,3,IND
28.039373,2003,4,IND
29.665838,2003,5,IND
29.73352,2003,6,IND
27.01267,2003,7,IND
26.588053,2003,8,IND
26.163671,2003,9,IND
24.887972,2003,10,IND
21.429913,2003,11,IND
17.998556,2003,12,IND
17.047634,2004,1,IND
19.55838,2004,2,IND
25.256777,2004,3,IND
28.261347,2004,4,IND
29.34932,2004,5,IND
28.408741,2004,6,IND
27.386368,2004,7,IND
26.36608,2004,8,IND
26.70425,2004,9,IND
24.21275,2004,10,IND
21.41243,2004,11,IND
18.47073,2004,12,IND
17.294788,2005,1,IND
19.55389,2005,2,IND
24.066319,2005,3,IND
27.10738,2005,4,IND
28.994467,2005,5,IND
29.977066,2005,6,IND
26.964956,2005,7,IND
26.769688,2005,8,IND
26.402487,2005,9,IND
24.575222,2005,10,IND
20.707619,2005,11,IND
17.431675,2005,12,IND
17.577785,2006,1,IND
21.277546,2006,2,IND
23.373455,2006,3,IND
27.120691,2006,4,IND
29.625341,2006,5,IND
28.702724,2006,6,IND
27.139456,2006,7,IND
26.371052,2006,8,IND
26.450119,2006,9,IND
25.376904,2006,10,IND
21.735285,2006,11,IND
18.461988,2006,12,IND
17.4413,2007,1,IND
19.795269,2007,2,IND
23.323256,2007,3,IND
28.198797,2007,4,IND
29.542343,2007,5,IND
29.047073,2007,6,IND
27.334003,2007,7,IND
26.856054,2007,8,IND
26.586527,2007,9,IND
24.768564,2007,10,IND
21.578028,2007,11,IND
18.157578,2007,12,IND
17.209383,2008,1,IND
18.342903,2008,2,IND
24.46616,2008,3,IND
27.150202,2008,4,IND
29.344748,2008,5,IND
28.086048,2008,6,IND
26.945389,2008,7,IND
26.284122,2008,8,IND
26.270248,2008,9,IND
25.289654,2008,10,IND
21.83697,2008,11,IND
19.306656,2008,12,IND
18.423336,2009,1,IND
21.065517,2009,2,IND
24.521893,2009,3,IND
28.20898,2009,4,IND
30.007618,2009,5,IND
29.838333,2009,6,IND
27.482357,2009,7,IND
27.346272,2009,8,IND
26.779072,2009,9,IND
24.928629,2009,10,IND
21.649239,2009,11,IND
18.72903,2009,12,IND
15.905063,2010,1,IND
19.146185,2010,2,IND
24.458462,2010,3,IND
28.135645,2010,4,IND
29.252497,2010,5,IND
28.615534,2010,6,IND
26.970804,2010,7,IND
26.410955,2010,8,IND
25.731068,2010,9,IND
24.638557,2010,10,IND
21.264217,2010,11,IND
16.586546,2010,12,IND
15.341678,2011,1,IND
18.585854,2011,2,IND
22.78918,2011,3,IND
25.750626,2011,4,IND
28.726215,2011,5,IND
28.007145,2011,6,IND
26.701874,2011,7,IND
26.139252,2011,8,IND
25.703953,2011,9,IND
24.423578,2011,10,IND
20.936062,2011,11,IND
17.323439,2011,12,IND
15.347504,2012,1,IND
18.037031,2012,2,IND
22.611858,2012,3,IND
26.264425,2012,4,IND
28.903606,2012,5,IND
29.03093,2012,6,IND
26.966503,2012,7,IND
26.019764,2012,8,IND
25.63856,2012,9,IND
23.61581,2012,10,IND
19.977947,2012,11,IND
17.294521,2012,12,IND
